colleague_id,colleagueUUID,managerUUID
31,0016b225-a803-47ad-ae3c-3c8ec4005cc7,null
81,0016b225-a803-47ad-ae3c-3c8ec4005cc7,6a2502d5-ec02-4bc8-b775-469dbb91b86d
131,001adbc7-4dd4-48f8-8bdc-f79a53b91d39,3930bfcc-c2f2-4d3c-b49f-2cdc921b101a
181,001adbc7-4dd4-48f8-8bdc-f79a53b91d39,3930bfcc-c2f2-4d3c-b49f-2cdc921b101a
231,001adbc7-4dd4-48f8-8bdc-f79a53b91d39,3930bfcc-c2f2-4d3c-b49f-2cdc921b101a
281,001adbc7-4dd4-48f8-8bdc-f79a53b91d39,3930bfcc-c2f2-4d3c-b49f-2cdc921b101a
331,001adbc7-4dd4-48f8-8bdc-f79a53b91d39,3930bfcc-c2f2-4d3c-b49f-2cdc921b101a
381,001adbc7-4dd4-48f8-8bdc-f79a53b91d39,3930bfcc-c2f2-4d3c-b49f-2cdc921b101a
431,001adbc7-4dd4-48f8-8bdc-f79a53b91d39,266c13c5-a6a3-4384-a7cb-cbe215d9550c
481,001adbc7-4dd4-48f8-8bdc-f79a53b91d39,null
531,001adbc7-4dd4-48f8-8bdc-f79a53b91d39,null
581,00323b35-929f-41f4-b9e2-0bece169e1e9,null
631,00323b35-929f-41f4-b9e2-0bece169e1e9,11d1fe75-2319-4195-96fb-7328c8e241f3
681,00323b35-929f-41f4-b9e2-0bece169e1e9,3d5dd0a2-0696-4012-9970-8f5e790f9967
731,00323b35-929f-41f4-b9e2-0bece169e1e9,73388358-1155-42f9-a90c-4968a83a2c8e
781,00323b35-929f-41f4-b9e2-0bece169e1e9,null
831,00367523-6e1b-4d73-bcee-430b266883fd,a4bc6308-44a5-414d-90b9-293d9fe22998
881,00367523-6e1b-4d73-bcee-430b266883fd,2ec5761c-65ad-48de-8e39-f6dcdd62ef01
931,00367523-6e1b-4d73-bcee-430b266883fd,2ec5761c-65ad-48de-8e39-f6dcdd62ef01
981,00367523-6e1b-4d73-bcee-430b266883fd,22df998a-1212-4031-ac71-8edcd7725535
1031,00367523-6e1b-4d73-bcee-430b266883fd,2ec5761c-65ad-48de-8e39-f6dcdd62ef01
1081,00367523-6e1b-4d73-bcee-430b266883fd,null
1131,00367523-6e1b-4d73-bcee-430b266883fd,null
1181,00367523-6e1b-4d73-bcee-430b266883fd,null
1231,00367523-6e1b-4d73-bcee-430b266883fd,null
1281,00492a64-0550-4160-ba1a-f97db6577e97,35ad3513-9378-4cd6-ad19-5f2c2eaff648
1331,00492a64-0550-4160-ba1a-f97db6577e97,35ad3513-9378-4cd6-ad19-5f2c2eaff648
1381,00492a64-0550-4160-ba1a-f97db6577e97,35ad3513-9378-4cd6-ad19-5f2c2eaff648
1431,00492a64-0550-4160-ba1a-f97db6577e97,35ad3513-9378-4cd6-ad19-5f2c2eaff648
1481,00492a64-0550-4160-ba1a-f97db6577e97,32dc797a-d50f-4a0b-aad8-6b2852678294
1531,00492a64-0550-4160-ba1a-f97db6577e97,32dc797a-d50f-4a0b-aad8-6b2852678294
1581,00492a64-0550-4160-ba1a-f97db6577e97,32dc797a-d50f-4a0b-aad8-6b2852678294
1631,00492a64-0550-4160-ba1a-f97db6577e97,32dc797a-d50f-4a0b-aad8-6b2852678294
1681,00492a64-0550-4160-ba1a-f97db6577e97,32dc797a-d50f-4a0b-aad8-6b2852678294
1731,004eeb61-3488-4dfe-8f2a-8a764f828da1,null
1781,004eeb61-3488-4dfe-8f2a-8a764f828da1,54f0b2c1-b418-4adb-a5b4-d9e46198405c
1831,004eeb61-3488-4dfe-8f2a-8a764f828da1,null
1881,00535974-7cfd-48ed-9229-232b83fcfc8e,null
1931,00535974-7cfd-48ed-9229-232b83fcfc8e,55a5a131-bffd-4a33-bedc-203f6da49ca3
1981,00535974-7cfd-48ed-9229-232b83fcfc8e,55a5a131-bffd-4a33-bedc-203f6da49ca3
2031,00551824-9111-493b-8c8a-6bac455ed320,null
2081,00551824-9111-493b-8c8a-6bac455ed320,f7d5e47f-8ed2-46f4-bc87-24d09ef0b478
2131,00551824-9111-493b-8c8a-6bac455ed320,f7d5e47f-8ed2-46f4-bc87-24d09ef0b478
2181,00551824-9111-493b-8c8a-6bac455ed320,f7d5e47f-8ed2-46f4-bc87-24d09ef0b478
2231,00551824-9111-493b-8c8a-6bac455ed320,f7d5e47f-8ed2-46f4-bc87-24d09ef0b478
2281,0058a56e-f902-4032-9f34-a276ef6e7fed,dfa410a5-51f1-48db-8727-f799a92600d2
2331,0058a56e-f902-4032-9f34-a276ef6e7fed,dfa410a5-51f1-48db-8727-f799a92600d2
2381,0058a56e-f902-4032-9f34-a276ef6e7fed,23361a8c-96c5-4d8d-8902-f8d70c8465d9
2431,0058a56e-f902-4032-9f34-a276ef6e7fed,b39e2fb7-f2e8-4d48-a13c-80ded239f524
2481,0058a56e-f902-4032-9f34-a276ef6e7fed,b39e2fb7-f2e8-4d48-a13c-80ded239f524
2531,0058a56e-f902-4032-9f34-a276ef6e7fed,b39e2fb7-f2e8-4d48-a13c-80ded239f524
2581,0058a56e-f902-4032-9f34-a276ef6e7fed,b39e2fb7-f2e8-4d48-a13c-80ded239f524
2631,0058a56e-f902-4032-9f34-a276ef6e7fed,null
2681,0058a56e-f902-4032-9f34-a276ef6e7fed,null
2731,0058a56e-f902-4032-9f34-a276ef6e7fed,null
2781,00628599-1868-4333-9b00-154054c8929a,d5afdb6e-06dc-4bdf-80aa-9690304e3db4
2831,00628599-1868-4333-9b00-154054c8929a,d5afdb6e-06dc-4bdf-80aa-9690304e3db4
2881,00628599-1868-4333-9b00-154054c8929a,d5afdb6e-06dc-4bdf-80aa-9690304e3db4
2931,00628599-1868-4333-9b00-154054c8929a,d5afdb6e-06dc-4bdf-80aa-9690304e3db4
2981,00628599-1868-4333-9b00-154054c8929a,d5afdb6e-06dc-4bdf-80aa-9690304e3db4
3031,00628599-1868-4333-9b00-154054c8929a,d5afdb6e-06dc-4bdf-80aa-9690304e3db4
3081,00628599-1868-4333-9b00-154054c8929a,d5afdb6e-06dc-4bdf-80aa-9690304e3db4
3131,00628599-1868-4333-9b00-154054c8929a,d5afdb6e-06dc-4bdf-80aa-9690304e3db4
3181,00628599-1868-4333-9b00-154054c8929a,5123c3fe-0dfc-436b-a93e-852f429e274a
3231,00628599-1868-4333-9b00-154054c8929a,62688255-4eda-4add-8bb4-f7625a352828
3281,00628599-1868-4333-9b00-154054c8929a,null
3331,00628599-1868-4333-9b00-154054c8929a,null
3381,00628599-1868-4333-9b00-154054c8929a,null
3431,00628599-1868-4333-9b00-154054c8929a,null
3481,00628599-1868-4333-9b00-154054c8929a,null
3531,006c05ae-4c6f-47cb-bae5-8ab1ead54696,null
3581,006c05ae-4c6f-47cb-bae5-8ab1ead54696,98e5ceca-e2d6-4e5f-bcc8-a744874cb9ff
3631,006c05ae-4c6f-47cb-bae5-8ab1ead54696,null
3681,006c05ae-4c6f-47cb-bae5-8ab1ead54696,null
3731,006c05ae-4c6f-47cb-bae5-8ab1ead54696,null
3781,006c05ae-4c6f-47cb-bae5-8ab1ead54696,null
3831,006c05ae-4c6f-47cb-bae5-8ab1ead54696,null
3881,006c05ae-4c6f-47cb-bae5-8ab1ead54696,null
3931,006f4e70-17a7-4c08-8da7-9d3e14449d56,fa677e44-00c9-4856-a275-c19908d45204
3981,006f4e70-17a7-4c08-8da7-9d3e14449d56,fa677e44-00c9-4856-a275-c19908d45204
4031,006f4e70-17a7-4c08-8da7-9d3e14449d56,fa677e44-00c9-4856-a275-c19908d45204
4081,006f4e70-17a7-4c08-8da7-9d3e14449d56,709143ed-8085-4c2a-9c40-87869f764a32
4131,006f4e70-17a7-4c08-8da7-9d3e14449d56,709143ed-8085-4c2a-9c40-87869f764a32
4181,006f4e70-17a7-4c08-8da7-9d3e14449d56,709143ed-8085-4c2a-9c40-87869f764a32
4231,006f4e70-17a7-4c08-8da7-9d3e14449d56,709143ed-8085-4c2a-9c40-87869f764a32
4281,006f4e70-17a7-4c08-8da7-9d3e14449d56,6e0add2b-4705-4887-b5c6-5fefcf26c90b
4331,006f4e70-17a7-4c08-8da7-9d3e14449d56,c8410758-581f-482f-93c8-74ab772f3140
4381,006f4e70-17a7-4c08-8da7-9d3e14449d56,c8410758-581f-482f-93c8-74ab772f3140
4431,006f4e70-17a7-4c08-8da7-9d3e14449d56,eef1a446-b3a5-4ea9-b9b3-09d27f577577
4481,006f4e70-17a7-4c08-8da7-9d3e14449d56,eef1a446-b3a5-4ea9-b9b3-09d27f577577
4531,006f4e70-17a7-4c08-8da7-9d3e14449d56,e8b31132-c2b3-42f3-828d-2d3091480e2f
4581,006f4e70-17a7-4c08-8da7-9d3e14449d56,null
4631,007032b3-c98d-4a31-9123-5d3c32812322,null
4681,007032b3-c98d-4a31-9123-5d3c32812322,a7b0bbfa-6453-4999-834c-8a42839a33ea
4731,007032b3-c98d-4a31-9123-5d3c32812322,a7b0bbfa-6453-4999-834c-8a42839a33ea
4781,007032b3-c98d-4a31-9123-5d3c32812322,a7b0bbfa-6453-4999-834c-8a42839a33ea
4831,007032b3-c98d-4a31-9123-5d3c32812322,a7b0bbfa-6453-4999-834c-8a42839a33ea
4881,007fefa5-e6e4-46cd-9fc2-852089caac01,3dc2ee1c-5ca5-4323-b083-3b6e6843379b
4931,007fefa5-e6e4-46cd-9fc2-852089caac01,3dc2ee1c-5ca5-4323-b083-3b6e6843379b
4981,007fefa5-e6e4-46cd-9fc2-852089caac01,3dc2ee1c-5ca5-4323-b083-3b6e6843379b
5031,007fefa5-e6e4-46cd-9fc2-852089caac01,3dc2ee1c-5ca5-4323-b083-3b6e6843379b
5081,007fefa5-e6e4-46cd-9fc2-852089caac01,85fcbf95-e8e5-4388-ad05-2c6fb747c2a8
5131,007fefa5-e6e4-46cd-9fc2-852089caac01,712f0755-6b47-435d-be42-3907a28f35b3
5181,007fefa5-e6e4-46cd-9fc2-852089caac01,3dc2ee1c-5ca5-4323-b083-3b6e6843379b
5231,007fefa5-e6e4-46cd-9fc2-852089caac01,712f0755-6b47-435d-be42-3907a28f35b3
5281,007fefa5-e6e4-46cd-9fc2-852089caac01,712f0755-6b47-435d-be42-3907a28f35b3
5331,007fefa5-e6e4-46cd-9fc2-852089caac01,712f0755-6b47-435d-be42-3907a28f35b3
5381,007fefa5-e6e4-46cd-9fc2-852089caac01,712f0755-6b47-435d-be42-3907a28f35b3
5431,007fefa5-e6e4-46cd-9fc2-852089caac01,712f0755-6b47-435d-be42-3907a28f35b3
5481,007fefa5-e6e4-46cd-9fc2-852089caac01,null
5531,007fefa5-e6e4-46cd-9fc2-852089caac01,null
5581,007fefa5-e6e4-46cd-9fc2-852089caac01,null
5631,00986662-685b-4602-bf84-0c3e79fa0a9b,788fc349-5858-47a4-8293-ce591c304a5f
5681,00986662-685b-4602-bf84-0c3e79fa0a9b,91f85e0a-1650-41a8-bd7e-637f813e7558
5731,00986662-685b-4602-bf84-0c3e79fa0a9b,91f85e0a-1650-41a8-bd7e-637f813e7558
5781,00986662-685b-4602-bf84-0c3e79fa0a9b,788fc349-5858-47a4-8293-ce591c304a5f
5831,00986662-685b-4602-bf84-0c3e79fa0a9b,36ac058a-a32f-44cc-a3fd-8ebd61c9b8fd
5881,00986662-685b-4602-bf84-0c3e79fa0a9b,f213a454-f15f-480f-8d12-81fffc749cb5
5931,00986662-685b-4602-bf84-0c3e79fa0a9b,f213a454-f15f-480f-8d12-81fffc749cb5
5981,00986662-685b-4602-bf84-0c3e79fa0a9b,f213a454-f15f-480f-8d12-81fffc749cb5
6031,00986662-685b-4602-bf84-0c3e79fa0a9b,91f85e0a-1650-41a8-bd7e-637f813e7558
6081,00986662-685b-4602-bf84-0c3e79fa0a9b,fdfb2435-1967-49e9-a5a5-f54abf6bc071
6131,00986662-685b-4602-bf84-0c3e79fa0a9b,f213a454-f15f-480f-8d12-81fffc749cb5
6181,00986662-685b-4602-bf84-0c3e79fa0a9b,0cb63c84-c635-48c9-a92b-80fda00b0fa9
6231,00986662-685b-4602-bf84-0c3e79fa0a9b,9af95742-ce38-41e1-be02-83d9ffdb6bb8
6281,00986662-685b-4602-bf84-0c3e79fa0a9b,9af95742-ce38-41e1-be02-83d9ffdb6bb8
6331,00986662-685b-4602-bf84-0c3e79fa0a9b,afc4a552-3989-42a1-a5b4-96c609aaac9f
6381,00986662-685b-4602-bf84-0c3e79fa0a9b,55f91d3c-7e2a-4f48-a9e3-da7013d05526
6431,00986662-685b-4602-bf84-0c3e79fa0a9b,null
6481,00986662-685b-4602-bf84-0c3e79fa0a9b,null
6531,00986662-685b-4602-bf84-0c3e79fa0a9b,null
6581,00986662-685b-4602-bf84-0c3e79fa0a9b,null
6631,00997d96-7e9a-478b-a556-367bf5a5d7e0,9fd193cb-564b-48b0-856d-acaf3102d142
6681,00997d96-7e9a-478b-a556-367bf5a5d7e0,9fd193cb-564b-48b0-856d-acaf3102d142
6731,00997d96-7e9a-478b-a556-367bf5a5d7e0,8ca56510-30b4-4787-8960-12040b61f1b5
6781,00997d96-7e9a-478b-a556-367bf5a5d7e0,9fd193cb-564b-48b0-856d-acaf3102d142
6831,00997d96-7e9a-478b-a556-367bf5a5d7e0,null
6881,00997d96-7e9a-478b-a556-367bf5a5d7e0,null
6931,00997d96-7e9a-478b-a556-367bf5a5d7e0,null
6981,009cae0d-2ce2-4aa8-93dc-54979f7b8fa5,f5cb8daa-bccb-41d5-bfa0-01de89f4340a
7031,009cae0d-2ce2-4aa8-93dc-54979f7b8fa5,f5cb8daa-bccb-41d5-bfa0-01de89f4340a
7081,009cae0d-2ce2-4aa8-93dc-54979f7b8fa5,f5cb8daa-bccb-41d5-bfa0-01de89f4340a
7131,009cae0d-2ce2-4aa8-93dc-54979f7b8fa5,f5cb8daa-bccb-41d5-bfa0-01de89f4340a
7181,009cae0d-2ce2-4aa8-93dc-54979f7b8fa5,f5cb8daa-bccb-41d5-bfa0-01de89f4340a
7231,009cae0d-2ce2-4aa8-93dc-54979f7b8fa5,null
7281,009cae0d-2ce2-4aa8-93dc-54979f7b8fa5,null
7331,009cae0d-2ce2-4aa8-93dc-54979f7b8fa5,null
7381,009cae0d-2ce2-4aa8-93dc-54979f7b8fa5,null
7431,009cae0d-2ce2-4aa8-93dc-54979f7b8fa5,null
7481,009e7ebb-dc85-4d03-8cf5-cd25cbd05a79,c1a65dd5-d3a0-4557-af85-987313f1c203
7531,009e7ebb-dc85-4d03-8cf5-cd25cbd05a79,c1a65dd5-d3a0-4557-af85-987313f1c203
7581,009e7ebb-dc85-4d03-8cf5-cd25cbd05a79,aa83c952-2511-49d4-b2ba-4749cde50ac6
7631,009e7ebb-dc85-4d03-8cf5-cd25cbd05a79,null
7681,009e7ebb-dc85-4d03-8cf5-cd25cbd05a79,null
7731,009e7ebb-dc85-4d03-8cf5-cd25cbd05a79,null
7781,00a6ea3a-c3b3-4109-96d0-60e545a07c7e,null
7831,00a6ea3a-c3b3-4109-96d0-60e545a07c7e,66d48ee7-8222-4121-be74-41a854a4c1dc
7881,00a6ea3a-c3b3-4109-96d0-60e545a07c7e,66d48ee7-8222-4121-be74-41a854a4c1dc
7931,00a6ea3a-c3b3-4109-96d0-60e545a07c7e,66d48ee7-8222-4121-be74-41a854a4c1dc
7981,00ae8bcb-79fd-4922-b052-757183c356a4,524c88c5-c393-4ad1-b5d4-4cea77c9a3d3
8031,00ae8bcb-79fd-4922-b052-757183c356a4,524c88c5-c393-4ad1-b5d4-4cea77c9a3d3
8081,00ae8bcb-79fd-4922-b052-757183c356a4,cef66c4f-88a9-4d88-afda-41e7a3644024
8131,00ae8bcb-79fd-4922-b052-757183c356a4,83cfea31-8e4e-483f-940b-9de633a84dbd
8181,00ae8bcb-79fd-4922-b052-757183c356a4,null
8231,00af4684-e28b-4a61-8c95-ebfc5c1c2df8,null
8281,00af4684-e28b-4a61-8c95-ebfc5c1c2df8,a1dae57c-b055-42ff-8096-0abd602e4321
8331,00af4684-e28b-4a61-8c95-ebfc5c1c2df8,a1dae57c-b055-42ff-8096-0abd602e4321
8381,00b52eb8-62ca-4dd7-9556-32fc015b9b1d,null
8431,00b52eb8-62ca-4dd7-9556-32fc015b9b1d,43611d28-6a72-482a-a4dd-9fc4a4905046
8481,00b52eb8-62ca-4dd7-9556-32fc015b9b1d,67efd2b4-c7d3-4993-b6a2-c4e8a914a1e8
8531,00b52eb8-62ca-4dd7-9556-32fc015b9b1d,null
8581,00b52eb8-62ca-4dd7-9556-32fc015b9b1d,null
8631,00b52eb8-62ca-4dd7-9556-32fc015b9b1d,null
8681,00c7785a-ff9d-49bd-9d7e-5132ec2d3f0f,acf09260-4046-4523-960c-6f6571cad8d6
8731,00c7785a-ff9d-49bd-9d7e-5132ec2d3f0f,acf09260-4046-4523-960c-6f6571cad8d6
8781,00c7785a-ff9d-49bd-9d7e-5132ec2d3f0f,c2e89e8c-f8f2-4a07-b016-5d0cc8d18f2f
8831,00c7785a-ff9d-49bd-9d7e-5132ec2d3f0f,acf09260-4046-4523-960c-6f6571cad8d6
8881,00c7785a-ff9d-49bd-9d7e-5132ec2d3f0f,276b926b-e8b7-4bf3-afe3-6a17822734e7
8931,00c7785a-ff9d-49bd-9d7e-5132ec2d3f0f,276b926b-e8b7-4bf3-afe3-6a17822734e7
8981,00c7785a-ff9d-49bd-9d7e-5132ec2d3f0f,null
9031,00c7785a-ff9d-49bd-9d7e-5132ec2d3f0f,null
9081,00c7785a-ff9d-49bd-9d7e-5132ec2d3f0f,null
9131,00e2b1d8-64bb-45f1-b685-7431e613c685,null
9181,00e2b1d8-64bb-45f1-b685-7431e613c685,685b6b21-a94b-413c-833f-6cbd026b135b
9231,00e2b1d8-64bb-45f1-b685-7431e613c685,685b6b21-a94b-413c-833f-6cbd026b135b
9281,00e2b1d8-64bb-45f1-b685-7431e613c685,685b6b21-a94b-413c-833f-6cbd026b135b
9331,00e2b1d8-64bb-45f1-b685-7431e613c685,685b6b21-a94b-413c-833f-6cbd026b135b
9381,00e2b1d8-64bb-45f1-b685-7431e613c685,null
9431,00e3d442-fc62-4e0f-b4d6-d38bcb00ef11,null
9481,00e3d442-fc62-4e0f-b4d6-d38bcb00ef11,d1638023-fd55-4a43-9e79-77fa4de77d3b
9531,00e3d442-fc62-4e0f-b4d6-d38bcb00ef11,d1638023-fd55-4a43-9e79-77fa4de77d3b
9581,00e3d442-fc62-4e0f-b4d6-d38bcb00ef11,d1638023-fd55-4a43-9e79-77fa4de77d3b
9631,00e3d442-fc62-4e0f-b4d6-d38bcb00ef11,8ee80f60-10f7-42ef-9eb0-6838ebc2b424
9681,00e3d442-fc62-4e0f-b4d6-d38bcb00ef11,8ee80f60-10f7-42ef-9eb0-6838ebc2b424
9731,00e3d442-fc62-4e0f-b4d6-d38bcb00ef11,8ee80f60-10f7-42ef-9eb0-6838ebc2b424
9781,00e3d442-fc62-4e0f-b4d6-d38bcb00ef11,8ee80f60-10f7-42ef-9eb0-6838ebc2b424
9831,00e3d442-fc62-4e0f-b4d6-d38bcb00ef11,8ee80f60-10f7-42ef-9eb0-6838ebc2b424
9881,00e985e5-a860-4174-9e85-60e2c9041753,null
9931,00e985e5-a860-4174-9e85-60e2c9041753,65c505a1-5c86-46db-a8b8-9f6713fb0f69
9981,00e985e5-a860-4174-9e85-60e2c9041753,65c505a1-5c86-46db-a8b8-9f6713fb0f69
10031,00e985e5-a860-4174-9e85-60e2c9041753,null
10081,00e985e5-a860-4174-9e85-60e2c9041753,null
10131,00e985e5-a860-4174-9e85-60e2c9041753,null
10181,00e985e5-a860-4174-9e85-60e2c9041753,null
10231,00ec6d1a-0088-4f86-a18a-669d30326c0d,b3c23f22-ebd4-48cc-a750-0187961a1c80
10281,00ec6d1a-0088-4f86-a18a-669d30326c0d,b3c23f22-ebd4-48cc-a750-0187961a1c80
10331,00ec6d1a-0088-4f86-a18a-669d30326c0d,7da14abc-93a9-474a-b75e-a974eaf8b0bb
10381,00ec6d1a-0088-4f86-a18a-669d30326c0d,7da14abc-93a9-474a-b75e-a974eaf8b0bb
10431,00ec6d1a-0088-4f86-a18a-669d30326c0d,null
10481,00f6b68a-1d50-4df6-bd6a-3875af96a7eb,null
10531,00f6b68a-1d50-4df6-bd6a-3875af96a7eb,b07537ee-2234-4547-b77d-a27e8dd3f0cc
10581,00f6b68a-1d50-4df6-bd6a-3875af96a7eb,b07537ee-2234-4547-b77d-a27e8dd3f0cc
10631,00f6b68a-1d50-4df6-bd6a-3875af96a7eb,b07537ee-2234-4547-b77d-a27e8dd3f0cc
10681,00f6b68a-1d50-4df6-bd6a-3875af96a7eb,b07537ee-2234-4547-b77d-a27e8dd3f0cc
10731,0109c2a9-1a4e-4469-83d6-76560d282c8d,null
10781,0109c2a9-1a4e-4469-83d6-76560d282c8d,8280d534-fa14-4256-b535-1800187c3af1
10831,0117410a-e151-4514-81dd-6a0f8a9ab468,0971a5e5-a909-407d-a7a9-25af207dcc36
10881,0117410a-e151-4514-81dd-6a0f8a9ab468,6b1875ee-eb4a-40f3-a8b9-0df9f9072694
10931,0117410a-e151-4514-81dd-6a0f8a9ab468,26e7c095-b767-45b6-88e7-f80ebd37f7ed
10981,0117410a-e151-4514-81dd-6a0f8a9ab468,26e7c095-b767-45b6-88e7-f80ebd37f7ed
11031,0117410a-e151-4514-81dd-6a0f8a9ab468,26e7c095-b767-45b6-88e7-f80ebd37f7ed
11081,0117410a-e151-4514-81dd-6a0f8a9ab468,db4cf343-7682-4f32-959c-20c535912562
11131,0117410a-e151-4514-81dd-6a0f8a9ab468,null
11181,0117410a-e151-4514-81dd-6a0f8a9ab468,null
11231,0117410a-e151-4514-81dd-6a0f8a9ab468,null
11281,0117410a-e151-4514-81dd-6a0f8a9ab468,null
11331,0117410a-e151-4514-81dd-6a0f8a9ab468,null
11381,012476ad-d67a-4c14-b116-70c12cc1269d,c0952fb9-2062-4448-b149-7e6488b37aa9
11431,012476ad-d67a-4c14-b116-70c12cc1269d,c0952fb9-2062-4448-b149-7e6488b37aa9
11481,012476ad-d67a-4c14-b116-70c12cc1269d,c0952fb9-2062-4448-b149-7e6488b37aa9
11531,012476ad-d67a-4c14-b116-70c12cc1269d,c0952fb9-2062-4448-b149-7e6488b37aa9
11581,012476ad-d67a-4c14-b116-70c12cc1269d,c0952fb9-2062-4448-b149-7e6488b37aa9
11631,012476ad-d67a-4c14-b116-70c12cc1269d,c0952fb9-2062-4448-b149-7e6488b37aa9
11681,012476ad-d67a-4c14-b116-70c12cc1269d,c0952fb9-2062-4448-b149-7e6488b37aa9
11731,012476ad-d67a-4c14-b116-70c12cc1269d,c0952fb9-2062-4448-b149-7e6488b37aa9
11781,012476ad-d67a-4c14-b116-70c12cc1269d,aef22acb-9966-4873-9b5d-b9ec01161649
11831,012476ad-d67a-4c14-b116-70c12cc1269d,aef22acb-9966-4873-9b5d-b9ec01161649
11881,012476ad-d67a-4c14-b116-70c12cc1269d,null
11931,012476ad-d67a-4c14-b116-70c12cc1269d,null
11981,012476ad-d67a-4c14-b116-70c12cc1269d,null
12031,0141e63a-732c-4ed1-9cde-a33ac2a7d04d,null
12081,0141e63a-732c-4ed1-9cde-a33ac2a7d04d,227c595f-6415-475d-81ab-74540e6d5885
12131,0141e63a-732c-4ed1-9cde-a33ac2a7d04d,227c595f-6415-475d-81ab-74540e6d5885
12181,0141e63a-732c-4ed1-9cde-a33ac2a7d04d,227c595f-6415-475d-81ab-74540e6d5885
12231,0146c854-3070-4f58-b1ed-d2a0ebe34007,f688d12f-d199-44e1-80e1-834d67b84e95
12281,0146c854-3070-4f58-b1ed-d2a0ebe34007,3423c8a5-7c36-45c5-a3fc-7c2f5f2f06f5
12331,0146c854-3070-4f58-b1ed-d2a0ebe34007,3423c8a5-7c36-45c5-a3fc-7c2f5f2f06f5
12381,0146c854-3070-4f58-b1ed-d2a0ebe34007,3423c8a5-7c36-45c5-a3fc-7c2f5f2f06f5
12431,0146c854-3070-4f58-b1ed-d2a0ebe34007,ca4d335d-327b-4967-b1ae-3dd5118768d6
12481,0146c854-3070-4f58-b1ed-d2a0ebe34007,ca4d335d-327b-4967-b1ae-3dd5118768d6
12531,0146c854-3070-4f58-b1ed-d2a0ebe34007,ca4d335d-327b-4967-b1ae-3dd5118768d6
12581,0146fec8-d342-4bd2-9549-642a84176d6f,0f8cbf2d-fe61-4aba-9df5-af55b929ed7c
12631,0146fec8-d342-4bd2-9549-642a84176d6f,0f8cbf2d-fe61-4aba-9df5-af55b929ed7c
12681,0146fec8-d342-4bd2-9549-642a84176d6f,null
12731,0146fec8-d342-4bd2-9549-642a84176d6f,null
12781,0146fec8-d342-4bd2-9549-642a84176d6f,null
12831,0146fec8-d342-4bd2-9549-642a84176d6f,null
12881,0146fec8-d342-4bd2-9549-642a84176d6f,null
12931,0149fb82-6cfb-4990-be92-dcdaf823a746,a1205641-b7ac-45f7-ad27-3fa21820e1d9
12981,0149fb82-6cfb-4990-be92-dcdaf823a746,e51bf7ff-7464-488b-ad15-29676f15730a
13031,0149fb82-6cfb-4990-be92-dcdaf823a746,e51bf7ff-7464-488b-ad15-29676f15730a
13081,0149fb82-6cfb-4990-be92-dcdaf823a746,e51bf7ff-7464-488b-ad15-29676f15730a
13131,0149fb82-6cfb-4990-be92-dcdaf823a746,e51bf7ff-7464-488b-ad15-29676f15730a
13181,0149fb82-6cfb-4990-be92-dcdaf823a746,e51bf7ff-7464-488b-ad15-29676f15730a
13231,0149fb82-6cfb-4990-be92-dcdaf823a746,null
13281,0149fb82-6cfb-4990-be92-dcdaf823a746,null
13331,0149fb82-6cfb-4990-be92-dcdaf823a746,null
13381,01535cb0-145d-4a7c-9679-22002a7d903c,c3c99a4e-9f4d-470e-b4a9-f55b9ddecbcc
13431,01535cb0-145d-4a7c-9679-22002a7d903c,c3c99a4e-9f4d-470e-b4a9-f55b9ddecbcc
13481,01535cb0-145d-4a7c-9679-22002a7d903c,538397aa-f25f-4edd-bed4-687aeb276f2e
13531,01535cb0-145d-4a7c-9679-22002a7d903c,ad7a5e89-ffe0-43fb-bd6d-550b76aa7149
13581,01535cb0-145d-4a7c-9679-22002a7d903c,00f9b26b-6941-4a09-af8c-033c935fb10e
13631,01535cb0-145d-4a7c-9679-22002a7d903c,00f9b26b-6941-4a09-af8c-033c935fb10e
13681,01535cb0-145d-4a7c-9679-22002a7d903c,de33bdc3-72a3-45fb-a1f9-79e2c6e35cae
13731,01535cb0-145d-4a7c-9679-22002a7d903c,ad7a5e89-ffe0-43fb-bd6d-550b76aa7149
13781,01535cb0-145d-4a7c-9679-22002a7d903c,6a538cdd-9cd8-4f1b-aec0-53a764c29db7
13831,01535cb0-145d-4a7c-9679-22002a7d903c,73b34ffc-0d10-4996-95f7-e5362f20ee42
13881,01535cb0-145d-4a7c-9679-22002a7d903c,73b34ffc-0d10-4996-95f7-e5362f20ee42
13931,01535cb0-145d-4a7c-9679-22002a7d903c,73b34ffc-0d10-4996-95f7-e5362f20ee42
13981,01535cb0-145d-4a7c-9679-22002a7d903c,73b34ffc-0d10-4996-95f7-e5362f20ee42
14031,01535cb0-145d-4a7c-9679-22002a7d903c,73b34ffc-0d10-4996-95f7-e5362f20ee42
14081,01535cb0-145d-4a7c-9679-22002a7d903c,null
14131,01565362-c406-48f5-a421-7094b7e06b71,null
14181,01565362-c406-48f5-a421-7094b7e06b71,7bcfa241-967d-4206-8b14-293d2d4e0029
14231,01565362-c406-48f5-a421-7094b7e06b71,24b725a0-3770-43f4-9b4f-5e0edd6dc2fb
14281,01565362-c406-48f5-a421-7094b7e06b71,null
14331,01565362-c406-48f5-a421-7094b7e06b71,null
14381,01565362-c406-48f5-a421-7094b7e06b71,null
14431,01565362-c406-48f5-a421-7094b7e06b71,null
14481,01565362-c406-48f5-a421-7094b7e06b71,null
14531,01682d77-f5ee-4663-b65c-413a8eee5856,d18e3b71-4f8a-4023-8adb-3e6e87ab89e9
14581,01682d77-f5ee-4663-b65c-413a8eee5856,6825d4c5-6bca-452d-891a-04152dd95f64
14631,01682d77-f5ee-4663-b65c-413a8eee5856,6825d4c5-6bca-452d-891a-04152dd95f64
14681,01682d77-f5ee-4663-b65c-413a8eee5856,0cedd8f4-9027-4014-81ec-c0f6fd655d98
14731,01682d77-f5ee-4663-b65c-413a8eee5856,0cedd8f4-9027-4014-81ec-c0f6fd655d98
14781,01682d77-f5ee-4663-b65c-413a8eee5856,0cedd8f4-9027-4014-81ec-c0f6fd655d98
14831,01682d77-f5ee-4663-b65c-413a8eee5856,0cedd8f4-9027-4014-81ec-c0f6fd655d98
14881,01682d77-f5ee-4663-b65c-413a8eee5856,0cedd8f4-9027-4014-81ec-c0f6fd655d98
14931,01682d77-f5ee-4663-b65c-413a8eee5856,ba16d6f0-d85b-4315-b200-9f2d06a59f8e
14981,01682d77-f5ee-4663-b65c-413a8eee5856,null
15031,016c78b5-5c1c-4b7b-8118-df2f464070e0,null
15081,016c78b5-5c1c-4b7b-8118-df2f464070e0,16558a82-e811-4349-9ccd-b84689e6f3ce
15131,016c78b5-5c1c-4b7b-8118-df2f464070e0,16558a82-e811-4349-9ccd-b84689e6f3ce
15181,016c78b5-5c1c-4b7b-8118-df2f464070e0,16558a82-e811-4349-9ccd-b84689e6f3ce
15231,016c78b5-5c1c-4b7b-8118-df2f464070e0,16558a82-e811-4349-9ccd-b84689e6f3ce
15281,016c78b5-5c1c-4b7b-8118-df2f464070e0,16558a82-e811-4349-9ccd-b84689e6f3ce
15331,016c78b5-5c1c-4b7b-8118-df2f464070e0,16558a82-e811-4349-9ccd-b84689e6f3ce
15381,016c78b5-5c1c-4b7b-8118-df2f464070e0,5247f6e8-1be9-4067-a4cf-7ea19183cdb1
15431,016c78b5-5c1c-4b7b-8118-df2f464070e0,null
15481,016c78b5-5c1c-4b7b-8118-df2f464070e0,null
15531,016c78b5-5c1c-4b7b-8118-df2f464070e0,null
15581,01723333-9a8c-4b2e-857b-23aecc1f0bbf,d7beede3-09ed-461f-8915-5ac6f4a2e90a
15631,01723333-9a8c-4b2e-857b-23aecc1f0bbf,d7beede3-09ed-461f-8915-5ac6f4a2e90a
15681,01723333-9a8c-4b2e-857b-23aecc1f0bbf,de22401e-9994-46ed-8de7-25c36287d92c
15731,01723333-9a8c-4b2e-857b-23aecc1f0bbf,5ef8257b-c1a5-424f-9c5a-b8eb867bc375
15781,01723333-9a8c-4b2e-857b-23aecc1f0bbf,eabfb46d-2749-4046-acb1-3926d77889ee
15831,01723333-9a8c-4b2e-857b-23aecc1f0bbf,eabfb46d-2749-4046-acb1-3926d77889ee
15881,01723333-9a8c-4b2e-857b-23aecc1f0bbf,eabfb46d-2749-4046-acb1-3926d77889ee
15931,01723333-9a8c-4b2e-857b-23aecc1f0bbf,null
15981,01723333-9a8c-4b2e-857b-23aecc1f0bbf,null
16031,0173b22a-94d4-44ed-a885-5dc845f47011,86f9c94d-3714-47e0-8b1b-99ebd5157543
16081,0173b22a-94d4-44ed-a885-5dc845f47011,86f9c94d-3714-47e0-8b1b-99ebd5157543
16131,0173b22a-94d4-44ed-a885-5dc845f47011,86f9c94d-3714-47e0-8b1b-99ebd5157543
16181,0173b22a-94d4-44ed-a885-5dc845f47011,0ee2d24d-f413-4e1c-bfe8-53dc23ab53c4
16231,0173b22a-94d4-44ed-a885-5dc845f47011,null
16281,0173b22a-94d4-44ed-a885-5dc845f47011,null
16331,0173b22a-94d4-44ed-a885-5dc845f47011,null
16381,0173b22a-94d4-44ed-a885-5dc845f47011,null
16431,0179cf51-049b-4f95-865c-2d85c92447c5,9d1019bd-997e-4a4f-ac6f-1beb556bd3bf
16481,0179cf51-049b-4f95-865c-2d85c92447c5,9d1019bd-997e-4a4f-ac6f-1beb556bd3bf
16531,0179cf51-049b-4f95-865c-2d85c92447c5,9d1019bd-997e-4a4f-ac6f-1beb556bd3bf
16581,0179cf51-049b-4f95-865c-2d85c92447c5,9d1019bd-997e-4a4f-ac6f-1beb556bd3bf
16631,0179cf51-049b-4f95-865c-2d85c92447c5,9d1019bd-997e-4a4f-ac6f-1beb556bd3bf
16681,0179cf51-049b-4f95-865c-2d85c92447c5,9d1019bd-997e-4a4f-ac6f-1beb556bd3bf
16731,0179cf51-049b-4f95-865c-2d85c92447c5,9d1019bd-997e-4a4f-ac6f-1beb556bd3bf
16781,0179cf51-049b-4f95-865c-2d85c92447c5,9d1019bd-997e-4a4f-ac6f-1beb556bd3bf
16831,0179cf51-049b-4f95-865c-2d85c92447c5,9d1019bd-997e-4a4f-ac6f-1beb556bd3bf
16881,0179cf51-049b-4f95-865c-2d85c92447c5,9d1019bd-997e-4a4f-ac6f-1beb556bd3bf
16931,0179cf51-049b-4f95-865c-2d85c92447c5,9d1019bd-997e-4a4f-ac6f-1beb556bd3bf
16981,017cdd3e-8c43-417c-b538-7dcd203701f4,null
17031,017cdd3e-8c43-417c-b538-7dcd203701f4,e5e4e922-30b3-4156-942c-20066a89cd4b
17081,017cdd3e-8c43-417c-b538-7dcd203701f4,e5e4e922-30b3-4156-942c-20066a89cd4b
17131,017cdd3e-8c43-417c-b538-7dcd203701f4,e5e4e922-30b3-4156-942c-20066a89cd4b
17181,017cdd3e-8c43-417c-b538-7dcd203701f4,e5e4e922-30b3-4156-942c-20066a89cd4b
17231,017cdd3e-8c43-417c-b538-7dcd203701f4,null
17281,017cdd3e-8c43-417c-b538-7dcd203701f4,null
17331,017cdd3e-8c43-417c-b538-7dcd203701f4,null
17381,019346bf-c9a2-44ef-ab87-219174fec315,c8e3bedc-5e0f-4072-ae02-5f62dce7fde8
17431,019346bf-c9a2-44ef-ab87-219174fec315,bfd31ed5-2e51-48cd-b714-bc7c7d602cd5
17481,019346bf-c9a2-44ef-ab87-219174fec315,bfd31ed5-2e51-48cd-b714-bc7c7d602cd5
17531,019346bf-c9a2-44ef-ab87-219174fec315,bfd31ed5-2e51-48cd-b714-bc7c7d602cd5
17581,019346bf-c9a2-44ef-ab87-219174fec315,bfd31ed5-2e51-48cd-b714-bc7c7d602cd5
17631,019346bf-c9a2-44ef-ab87-219174fec315,c8e3bedc-5e0f-4072-ae02-5f62dce7fde8
17681,019346bf-c9a2-44ef-ab87-219174fec315,9558dda4-dabe-4c02-ab22-ff56e0fbf56f
17731,019346bf-c9a2-44ef-ab87-219174fec315,null
17781,019346bf-c9a2-44ef-ab87-219174fec315,null
17831,019346bf-c9a2-44ef-ab87-219174fec315,null
17881,01a01304-7475-48f7-ae80-7512732d2dc9,null
17931,01a01304-7475-48f7-ae80-7512732d2dc9,aae452de-a706-48dd-af0f-1f35fba9f135
17981,01a01304-7475-48f7-ae80-7512732d2dc9,aae452de-a706-48dd-af0f-1f35fba9f135
18031,01a01304-7475-48f7-ae80-7512732d2dc9,3a5136a2-1149-4c99-beb8-9741003a2f17
18081,01a01304-7475-48f7-ae80-7512732d2dc9,3a5136a2-1149-4c99-beb8-9741003a2f17
18131,01a01304-7475-48f7-ae80-7512732d2dc9,3a5136a2-1149-4c99-beb8-9741003a2f17
18181,01a01304-7475-48f7-ae80-7512732d2dc9,1427c55c-6eae-4d31-8ac7-5ec16203b165
18231,01a15817-28d5-4106-941b-34cc18601caa,d0d233f9-4e4c-43fe-8856-8e1512875390
18281,01a15817-28d5-4106-941b-34cc18601caa,81cd33f7-1a6a-4c30-ab94-b924079ecefd
18331,01a15817-28d5-4106-941b-34cc18601caa,81cd33f7-1a6a-4c30-ab94-b924079ecefd
18381,01a15817-28d5-4106-941b-34cc18601caa,b67164f1-9d55-468d-aebe-1f92cfb4e127
18431,01a15817-28d5-4106-941b-34cc18601caa,b67164f1-9d55-468d-aebe-1f92cfb4e127
18481,01a15817-28d5-4106-941b-34cc18601caa,4a3515bc-ef5e-4f37-bae1-51d0f6f74fcf
18531,01a15817-28d5-4106-941b-34cc18601caa,4a3515bc-ef5e-4f37-bae1-51d0f6f74fcf
18581,01a15817-28d5-4106-941b-34cc18601caa,4a3515bc-ef5e-4f37-bae1-51d0f6f74fcf
18631,01ac6aff-5885-4518-b658-7ed763c865c3,5f68c384-dc32-4d09-ab1d-626e14a2e5b7
18681,01ac6aff-5885-4518-b658-7ed763c865c3,5f68c384-dc32-4d09-ab1d-626e14a2e5b7
18731,01ac6aff-5885-4518-b658-7ed763c865c3,5f68c384-dc32-4d09-ab1d-626e14a2e5b7
18781,01ac6aff-5885-4518-b658-7ed763c865c3,5f68c384-dc32-4d09-ab1d-626e14a2e5b7
18831,01ac6aff-5885-4518-b658-7ed763c865c3,5f68c384-dc32-4d09-ab1d-626e14a2e5b7
18881,01ac6aff-5885-4518-b658-7ed763c865c3,9a102cca-a60e-4402-b51a-19875d3302b8
18931,01ac6aff-5885-4518-b658-7ed763c865c3,5f68c384-dc32-4d09-ab1d-626e14a2e5b7
18981,01ac6aff-5885-4518-b658-7ed763c865c3,5f68c384-dc32-4d09-ab1d-626e14a2e5b7
19031,01ac6aff-5885-4518-b658-7ed763c865c3,5f68c384-dc32-4d09-ab1d-626e14a2e5b7
19081,01ac6aff-5885-4518-b658-7ed763c865c3,d7836a23-814f-41d9-b8c2-8756223ece61
19131,01ac6aff-5885-4518-b658-7ed763c865c3,null
19181,01ac6aff-5885-4518-b658-7ed763c865c3,null
19231,01ac6aff-5885-4518-b658-7ed763c865c3,null
19281,01ac6aff-5885-4518-b658-7ed763c865c3,null
19331,01ac6aff-5885-4518-b658-7ed763c865c3,null
19381,01ac6aff-5885-4518-b658-7ed763c865c3,null
19431,01b3ca58-aec9-4c97-a20a-ce66789dc8b4,0303d767-cd3a-4628-a313-0150912fe66c
19481,01b3ca58-aec9-4c97-a20a-ce66789dc8b4,0303d767-cd3a-4628-a313-0150912fe66c
19531,01b3ca58-aec9-4c97-a20a-ce66789dc8b4,0303d767-cd3a-4628-a313-0150912fe66c
19581,01b3ca58-aec9-4c97-a20a-ce66789dc8b4,0303d767-cd3a-4628-a313-0150912fe66c
19631,01b3ca58-aec9-4c97-a20a-ce66789dc8b4,0303d767-cd3a-4628-a313-0150912fe66c
19681,01b3ca58-aec9-4c97-a20a-ce66789dc8b4,7d6932b2-9d4d-44f9-8d34-3d7c671af33a
19731,01b3ca58-aec9-4c97-a20a-ce66789dc8b4,7d6932b2-9d4d-44f9-8d34-3d7c671af33a
19781,01b3ca58-aec9-4c97-a20a-ce66789dc8b4,7d6932b2-9d4d-44f9-8d34-3d7c671af33a
19831,01b3ca58-aec9-4c97-a20a-ce66789dc8b4,7d6932b2-9d4d-44f9-8d34-3d7c671af33a
19881,01b3ca58-aec9-4c97-a20a-ce66789dc8b4,7d6932b2-9d4d-44f9-8d34-3d7c671af33a
19931,01b3ca58-aec9-4c97-a20a-ce66789dc8b4,7d6932b2-9d4d-44f9-8d34-3d7c671af33a
19981,01b968ad-f39d-4c82-b073-2deec8b5b1ca,null
20031,01b968ad-f39d-4c82-b073-2deec8b5b1ca,9b0d6975-5dc6-4831-81e2-b7ef1a88b9c3
20081,01b968ad-f39d-4c82-b073-2deec8b5b1ca,9b0d6975-5dc6-4831-81e2-b7ef1a88b9c3
20131,01b968ad-f39d-4c82-b073-2deec8b5b1ca,9b0d6975-5dc6-4831-81e2-b7ef1a88b9c3
20181,01b968ad-f39d-4c82-b073-2deec8b5b1ca,9b0d6975-5dc6-4831-81e2-b7ef1a88b9c3
20231,01b968ad-f39d-4c82-b073-2deec8b5b1ca,9b0d6975-5dc6-4831-81e2-b7ef1a88b9c3
20281,01b968ad-f39d-4c82-b073-2deec8b5b1ca,9b0d6975-5dc6-4831-81e2-b7ef1a88b9c3
20331,01b968ad-f39d-4c82-b073-2deec8b5b1ca,9b0d6975-5dc6-4831-81e2-b7ef1a88b9c3
20381,01b968ad-f39d-4c82-b073-2deec8b5b1ca,9b0d6975-5dc6-4831-81e2-b7ef1a88b9c3
20431,01b968ad-f39d-4c82-b073-2deec8b5b1ca,99e23963-e9eb-4cd5-9738-639fe4a37645
20481,01b968ad-f39d-4c82-b073-2deec8b5b1ca,null
20531,01b968ad-f39d-4c82-b073-2deec8b5b1ca,null
20581,01be8884-9303-47b5-8d9c-e70f221f4878,null
20631,01be8884-9303-47b5-8d9c-e70f221f4878,51162fcb-ca0c-42f7-8758-eb5705a680fb
20681,01be8884-9303-47b5-8d9c-e70f221f4878,51162fcb-ca0c-42f7-8758-eb5705a680fb
20731,01be8884-9303-47b5-8d9c-e70f221f4878,51162fcb-ca0c-42f7-8758-eb5705a680fb
20781,01c8f601-9606-4192-8ee3-13a4b9d11cf9,f014b500-079e-452e-85bc-1472b6420c8f
20831,01c8f601-9606-4192-8ee3-13a4b9d11cf9,29f4beb8-260a-4450-a57d-b944a9c5b408
20881,01c8f601-9606-4192-8ee3-13a4b9d11cf9,29f4beb8-260a-4450-a57d-b944a9c5b408
20931,01c8f601-9606-4192-8ee3-13a4b9d11cf9,f014b500-079e-452e-85bc-1472b6420c8f
20981,01c8f601-9606-4192-8ee3-13a4b9d11cf9,f014b500-079e-452e-85bc-1472b6420c8f
21031,01c8f601-9606-4192-8ee3-13a4b9d11cf9,f014b500-079e-452e-85bc-1472b6420c8f
21081,01c8f601-9606-4192-8ee3-13a4b9d11cf9,f014b500-079e-452e-85bc-1472b6420c8f
21131,01c8f601-9606-4192-8ee3-13a4b9d11cf9,6775f1d3-99a8-4c72-a9d1-f39c08f6817a
21181,01c8f601-9606-4192-8ee3-13a4b9d11cf9,6775f1d3-99a8-4c72-a9d1-f39c08f6817a
21231,01c8f601-9606-4192-8ee3-13a4b9d11cf9,null
21281,01c8f601-9606-4192-8ee3-13a4b9d11cf9,null
21331,01d38773-c4bf-4cb7-897a-46615842db6b,null
21381,01d38773-c4bf-4cb7-897a-46615842db6b,22e363c2-3b59-4de6-95cb-62fbf0f5a13c
21431,01d38773-c4bf-4cb7-897a-46615842db6b,a39f4bda-4001-4d4f-b865-85c0db4f4f54
21481,01d38773-c4bf-4cb7-897a-46615842db6b,e09f3986-7e60-4910-9d95-c9dbe3e3b41c
21531,01d38773-c4bf-4cb7-897a-46615842db6b,null
21581,01d38773-c4bf-4cb7-897a-46615842db6b,null
21631,01d9c8fc-f29f-4f32-94b3-e2735d9acba2,0f8eac1e-9baa-4d04-a687-df209f0191a7
21681,01da012a-f912-4631-a923-b29bb44fa235,null
21731,01da012a-f912-4631-a923-b29bb44fa235,519078db-9e7c-4335-9b72-a1e98996a958
21781,01da012a-f912-4631-a923-b29bb44fa235,null
21831,01da012a-f912-4631-a923-b29bb44fa235,null
21881,01da012a-f912-4631-a923-b29bb44fa235,null
21931,01da012a-f912-4631-a923-b29bb44fa235,null
21981,01da012a-f912-4631-a923-b29bb44fa235,null
22031,01e13545-b1ce-4a36-8682-6ea0b7cb046f,89a64980-9fd5-41f5-beb7-4ac32ea42f93
22081,01e13545-b1ce-4a36-8682-6ea0b7cb046f,89a64980-9fd5-41f5-beb7-4ac32ea42f93
22131,01e13545-b1ce-4a36-8682-6ea0b7cb046f,89a64980-9fd5-41f5-beb7-4ac32ea42f93
22181,01e13545-b1ce-4a36-8682-6ea0b7cb046f,84e07a2d-c4b5-4661-b196-57453fb60b95
22231,01e13545-b1ce-4a36-8682-6ea0b7cb046f,84e07a2d-c4b5-4661-b196-57453fb60b95
22281,01e13545-b1ce-4a36-8682-6ea0b7cb046f,84e07a2d-c4b5-4661-b196-57453fb60b95
22331,01e13545-b1ce-4a36-8682-6ea0b7cb046f,84e07a2d-c4b5-4661-b196-57453fb60b95
22381,01e13545-b1ce-4a36-8682-6ea0b7cb046f,84e07a2d-c4b5-4661-b196-57453fb60b95
22431,01e13545-b1ce-4a36-8682-6ea0b7cb046f,89a64980-9fd5-41f5-beb7-4ac32ea42f93
22481,01e13545-b1ce-4a36-8682-6ea0b7cb046f,d2d96bc6-b04c-422d-a4c1-d181a197894f
22531,01e13545-b1ce-4a36-8682-6ea0b7cb046f,5e8e433b-3601-4375-a35e-4afed1a7f430
22581,01e13545-b1ce-4a36-8682-6ea0b7cb046f,083b9c37-26e3-45ea-b36a-8371f3613309
22631,01e13545-b1ce-4a36-8682-6ea0b7cb046f,083b9c37-26e3-45ea-b36a-8371f3613309
22681,01e13545-b1ce-4a36-8682-6ea0b7cb046f,083b9c37-26e3-45ea-b36a-8371f3613309
22731,01e13545-b1ce-4a36-8682-6ea0b7cb046f,null
22781,01e13545-b1ce-4a36-8682-6ea0b7cb046f,null
22831,01e13545-b1ce-4a36-8682-6ea0b7cb046f,null
22881,01e13545-b1ce-4a36-8682-6ea0b7cb046f,null
22931,01e43d79-08d5-4cc4-a175-efc9280a477f,3af28b9b-1ad6-4a8e-9a4d-2e4583158a69
22981,01e43d79-08d5-4cc4-a175-efc9280a477f,3af28b9b-1ad6-4a8e-9a4d-2e4583158a69
23031,01e43d79-08d5-4cc4-a175-efc9280a477f,3af28b9b-1ad6-4a8e-9a4d-2e4583158a69
23081,01e43d79-08d5-4cc4-a175-efc9280a477f,3af28b9b-1ad6-4a8e-9a4d-2e4583158a69
23131,01e43d79-08d5-4cc4-a175-efc9280a477f,3af28b9b-1ad6-4a8e-9a4d-2e4583158a69
23181,01fac76f-ffd2-4dd3-ae4b-d848fe4c2e85,null
23231,01fac76f-ffd2-4dd3-ae4b-d848fe4c2e85,846e158b-9687-4888-a24a-29d95cafd1dc
23281,01fac76f-ffd2-4dd3-ae4b-d848fe4c2e85,dd32ffe0-969d-4786-a6d4-3c24ab29579c
23331,01fac76f-ffd2-4dd3-ae4b-d848fe4c2e85,dd32ffe0-969d-4786-a6d4-3c24ab29579c
23381,01fac76f-ffd2-4dd3-ae4b-d848fe4c2e85,null
23431,01fac76f-ffd2-4dd3-ae4b-d848fe4c2e85,null
23481,01fac76f-ffd2-4dd3-ae4b-d848fe4c2e85,null
23531,01fca491-f769-4d8e-9682-9806ec36655b,null
23581,01fca491-f769-4d8e-9682-9806ec36655b,645f3502-7e28-4c92-aff6-e635906da442
23631,01fca491-f769-4d8e-9682-9806ec36655b,645f3502-7e28-4c92-aff6-e635906da442
23681,01fca491-f769-4d8e-9682-9806ec36655b,645f3502-7e28-4c92-aff6-e635906da442
23731,01ffd3e5-fbd4-4a68-8e8e-68e407dc62c4,null
23781,01ffd3e5-fbd4-4a68-8e8e-68e407dc62c4,be6b74da-af14-4747-8d4d-77aec7e915f9
23831,01ffd3e5-fbd4-4a68-8e8e-68e407dc62c4,2509cd40-9a27-4db6-8437-a0f00963a027
23881,01ffd3e5-fbd4-4a68-8e8e-68e407dc62c4,null
23931,01ffd3e5-fbd4-4a68-8e8e-68e407dc62c4,null
23981,01ffd3e5-fbd4-4a68-8e8e-68e407dc62c4,null
24031,01ffebef-f6d4-4e79-b7c1-064331b1eca5,128511b3-b8e5-4586-b5db-a81762086283
24081,01ffebef-f6d4-4e79-b7c1-064331b1eca5,128511b3-b8e5-4586-b5db-a81762086283
24131,01ffebef-f6d4-4e79-b7c1-064331b1eca5,6a459952-306a-421a-8fbc-06d9a3e49de7
24181,01ffebef-f6d4-4e79-b7c1-064331b1eca5,b01e4bd6-cd5a-45d7-a426-2dd47caef3c8
24231,01ffebef-f6d4-4e79-b7c1-064331b1eca5,2d600d9a-72ae-47ae-9d69-de3e141c322c
24281,01ffebef-f6d4-4e79-b7c1-064331b1eca5,2d600d9a-72ae-47ae-9d69-de3e141c322c
24331,01ffebef-f6d4-4e79-b7c1-064331b1eca5,2d600d9a-72ae-47ae-9d69-de3e141c322c
24381,01ffebef-f6d4-4e79-b7c1-064331b1eca5,e09f3986-7e60-4910-9d95-c9dbe3e3b41c
24431,01ffebef-f6d4-4e79-b7c1-064331b1eca5,null
24481,01ffebef-f6d4-4e79-b7c1-064331b1eca5,null
24531,020c7e6f-384b-44ac-b0a1-c9af3036b876,8a98e087-5d0e-443d-b5e9-f650057de639
24581,020c7e6f-384b-44ac-b0a1-c9af3036b876,8a98e087-5d0e-443d-b5e9-f650057de639
24631,020c7e6f-384b-44ac-b0a1-c9af3036b876,e17886fc-b9e6-4457-8199-0cf0b0f579ac
24681,020c7e6f-384b-44ac-b0a1-c9af3036b876,e17886fc-b9e6-4457-8199-0cf0b0f579ac
24731,020f07e1-e4cb-496f-a066-e45a919f5680,cbd07273-cb33-487a-9840-48bbcd96a368
24781,020f07e1-e4cb-496f-a066-e45a919f5680,cbd07273-cb33-487a-9840-48bbcd96a368
24831,020f07e1-e4cb-496f-a066-e45a919f5680,cbd07273-cb33-487a-9840-48bbcd96a368
24881,020f07e1-e4cb-496f-a066-e45a919f5680,cbd07273-cb33-487a-9840-48bbcd96a368
24931,020f07e1-e4cb-496f-a066-e45a919f5680,cbd07273-cb33-487a-9840-48bbcd96a368
24981,020f07e1-e4cb-496f-a066-e45a919f5680,cbd07273-cb33-487a-9840-48bbcd96a368
25031,020f07e1-e4cb-496f-a066-e45a919f5680,null
25081,020f07e1-e4cb-496f-a066-e45a919f5680,null
25131,021b97ca-c61e-4539-b758-3540bd2778e1,b9296a23-acb4-4188-a0af-e8e8bd4bccb2
25181,021b97ca-c61e-4539-b758-3540bd2778e1,5c9f7fdf-723f-4202-a8f6-0d53e4a27bf2
25231,021b97ca-c61e-4539-b758-3540bd2778e1,5c9f7fdf-723f-4202-a8f6-0d53e4a27bf2
25281,021b97ca-c61e-4539-b758-3540bd2778e1,5c9f7fdf-723f-4202-a8f6-0d53e4a27bf2
25331,021b97ca-c61e-4539-b758-3540bd2778e1,a696cdcb-49ba-439c-b1e9-efb6e62949a3
25381,021b97ca-c61e-4539-b758-3540bd2778e1,5c9f7fdf-723f-4202-a8f6-0d53e4a27bf2
25431,021b97ca-c61e-4539-b758-3540bd2778e1,5c9f7fdf-723f-4202-a8f6-0d53e4a27bf2
25481,021b97ca-c61e-4539-b758-3540bd2778e1,null
25531,021b97ca-c61e-4539-b758-3540bd2778e1,null
25581,022ac9f2-3f3f-481c-b632-5791bad6bb7f,266c13c5-a6a3-4384-a7cb-cbe215d9550c
25631,022ac9f2-3f3f-481c-b632-5791bad6bb7f,e6b3e8aa-58e8-4f6e-99ca-2325113d4f98
25681,022ac9f2-3f3f-481c-b632-5791bad6bb7f,aa28bd80-0854-4ef7-a6a1-f48e0c991f54
25731,022ac9f2-3f3f-481c-b632-5791bad6bb7f,aa28bd80-0854-4ef7-a6a1-f48e0c991f54
25781,022ac9f2-3f3f-481c-b632-5791bad6bb7f,aa28bd80-0854-4ef7-a6a1-f48e0c991f54
25831,022ac9f2-3f3f-481c-b632-5791bad6bb7f,aa28bd80-0854-4ef7-a6a1-f48e0c991f54
25881,022ac9f2-3f3f-481c-b632-5791bad6bb7f,aa28bd80-0854-4ef7-a6a1-f48e0c991f54
25931,022ac9f2-3f3f-481c-b632-5791bad6bb7f,aa28bd80-0854-4ef7-a6a1-f48e0c991f54
25981,022ac9f2-3f3f-481c-b632-5791bad6bb7f,aa28bd80-0854-4ef7-a6a1-f48e0c991f54
26031,022ac9f2-3f3f-481c-b632-5791bad6bb7f,aa28bd80-0854-4ef7-a6a1-f48e0c991f54
26081,022ac9f2-3f3f-481c-b632-5791bad6bb7f,aa28bd80-0854-4ef7-a6a1-f48e0c991f54
26131,022ac9f2-3f3f-481c-b632-5791bad6bb7f,12e254d7-f4a9-48d4-9f6e-643dc543c3da
26181,022ac9f2-3f3f-481c-b632-5791bad6bb7f,12e254d7-f4a9-48d4-9f6e-643dc543c3da
26231,022ac9f2-3f3f-481c-b632-5791bad6bb7f,12e254d7-f4a9-48d4-9f6e-643dc543c3da
26281,022ac9f2-3f3f-481c-b632-5791bad6bb7f,12e254d7-f4a9-48d4-9f6e-643dc543c3da
26331,022ac9f2-3f3f-481c-b632-5791bad6bb7f,12e254d7-f4a9-48d4-9f6e-643dc543c3da
26381,022ac9f2-3f3f-481c-b632-5791bad6bb7f,d38e9870-6621-4923-9a35-940f4b0df025
26431,022f832d-a98b-446a-9ad2-4fcaff07fa5e,817e3a7d-7c08-43e8-8af2-6bc152ba00bc
26481,022f832d-a98b-446a-9ad2-4fcaff07fa5e,817e3a7d-7c08-43e8-8af2-6bc152ba00bc
26531,022f832d-a98b-446a-9ad2-4fcaff07fa5e,817e3a7d-7c08-43e8-8af2-6bc152ba00bc
26581,022f832d-a98b-446a-9ad2-4fcaff07fa5e,817e3a7d-7c08-43e8-8af2-6bc152ba00bc
26631,02351fef-96ac-4b42-b758-f950b14ce211,558b0c50-b30c-4b80-8aec-60a45d45fa3c
26681,02351fef-96ac-4b42-b758-f950b14ce211,558b0c50-b30c-4b80-8aec-60a45d45fa3c
26731,02351fef-96ac-4b42-b758-f950b14ce211,f720d12f-c829-44a3-805a-03bedc48952d
26781,02351fef-96ac-4b42-b758-f950b14ce211,07d436e9-7da9-4501-ad90-e34d5de5ac4d
26831,02351fef-96ac-4b42-b758-f950b14ce211,07d436e9-7da9-4501-ad90-e34d5de5ac4d
26881,02395416-8e4e-4730-a0e2-8fcefc6d055d,748af47d-85d1-4049-a755-697737d959b2
26931,02395416-8e4e-4730-a0e2-8fcefc6d055d,748af47d-85d1-4049-a755-697737d959b2
26981,02395416-8e4e-4730-a0e2-8fcefc6d055d,59fca299-f51f-4dee-b3a6-9ac685b97a90
27031,02395416-8e4e-4730-a0e2-8fcefc6d055d,5bae4133-cdf1-4d7a-98ae-a7d8f5aba14b
27081,02395416-8e4e-4730-a0e2-8fcefc6d055d,5bae4133-cdf1-4d7a-98ae-a7d8f5aba14b
27131,02395416-8e4e-4730-a0e2-8fcefc6d055d,748af47d-85d1-4049-a755-697737d959b2
27181,02395416-8e4e-4730-a0e2-8fcefc6d055d,748af47d-85d1-4049-a755-697737d959b2
27231,02395416-8e4e-4730-a0e2-8fcefc6d055d,748af47d-85d1-4049-a755-697737d959b2
27281,02395416-8e4e-4730-a0e2-8fcefc6d055d,null
27331,02395416-8e4e-4730-a0e2-8fcefc6d055d,null
27381,0248d0ae-fb69-4f20-a7c2-0a5e17242ea5,075c97f6-b06e-4306-9ec6-77fd8755ccd5
27431,0248d0ae-fb69-4f20-a7c2-0a5e17242ea5,075c97f6-b06e-4306-9ec6-77fd8755ccd5
27481,0248d0ae-fb69-4f20-a7c2-0a5e17242ea5,075c97f6-b06e-4306-9ec6-77fd8755ccd5
27531,0248d0ae-fb69-4f20-a7c2-0a5e17242ea5,075c97f6-b06e-4306-9ec6-77fd8755ccd5
27581,0248d0ae-fb69-4f20-a7c2-0a5e17242ea5,3dd1984d-f182-4232-ba6a-e50a2d24dc58
27631,0248d0ae-fb69-4f20-a7c2-0a5e17242ea5,3dd1984d-f182-4232-ba6a-e50a2d24dc58
27681,0248d0ae-fb69-4f20-a7c2-0a5e17242ea5,3dd1984d-f182-4232-ba6a-e50a2d24dc58
27731,0248d0ae-fb69-4f20-a7c2-0a5e17242ea5,3dd1984d-f182-4232-ba6a-e50a2d24dc58
27781,0248d0ae-fb69-4f20-a7c2-0a5e17242ea5,3dd1984d-f182-4232-ba6a-e50a2d24dc58
27831,0248d0ae-fb69-4f20-a7c2-0a5e17242ea5,09d7cd69-0eae-45b5-936f-6f7ce8403ddd
27881,024a0916-579e-424d-b821-4621151bdd73,71c76ce2-e727-419e-a2e5-481de0c37cab
27931,024a0916-579e-424d-b821-4621151bdd73,71c76ce2-e727-419e-a2e5-481de0c37cab
27981,024a0916-579e-424d-b821-4621151bdd73,71c76ce2-e727-419e-a2e5-481de0c37cab
28031,024a0916-579e-424d-b821-4621151bdd73,71c76ce2-e727-419e-a2e5-481de0c37cab
28081,024a0916-579e-424d-b821-4621151bdd73,71c76ce2-e727-419e-a2e5-481de0c37cab
28131,024a0916-579e-424d-b821-4621151bdd73,71c76ce2-e727-419e-a2e5-481de0c37cab
28181,024a0916-579e-424d-b821-4621151bdd73,71c76ce2-e727-419e-a2e5-481de0c37cab
28231,024a0916-579e-424d-b821-4621151bdd73,d7836a23-814f-41d9-b8c2-8756223ece61
28281,024a0916-579e-424d-b821-4621151bdd73,null
28331,024a0916-579e-424d-b821-4621151bdd73,null
28381,024a0916-579e-424d-b821-4621151bdd73,null
28431,024de1ca-bbf1-47fc-a47a-3d28af8406d9,ef0b881f-4d30-45d2-98fa-e904fdba4171
28481,024de1ca-bbf1-47fc-a47a-3d28af8406d9,ef0b881f-4d30-45d2-98fa-e904fdba4171
28531,024de1ca-bbf1-47fc-a47a-3d28af8406d9,ef0b881f-4d30-45d2-98fa-e904fdba4171
28581,024de1ca-bbf1-47fc-a47a-3d28af8406d9,ef0b881f-4d30-45d2-98fa-e904fdba4171
28631,024de1ca-bbf1-47fc-a47a-3d28af8406d9,afb6b49e-6774-4140-99f3-74f27c434c8f
28681,024de1ca-bbf1-47fc-a47a-3d28af8406d9,ef0b881f-4d30-45d2-98fa-e904fdba4171
28731,024de1ca-bbf1-47fc-a47a-3d28af8406d9,ef0b881f-4d30-45d2-98fa-e904fdba4171
28781,024de1ca-bbf1-47fc-a47a-3d28af8406d9,71bf15b0-ab37-474c-a6af-71e59e09e834
28831,024de1ca-bbf1-47fc-a47a-3d28af8406d9,null
28881,024de1ca-bbf1-47fc-a47a-3d28af8406d9,null
28931,024de1ca-bbf1-47fc-a47a-3d28af8406d9,null
28981,0257a9b3-1900-4c87-8e6c-2bbd7fc8e2c4,d32f2882-dad8-41e6-87f0-db85a7534852
29031,0257a9b3-1900-4c87-8e6c-2bbd7fc8e2c4,c9d46372-82cb-4ab1-a3ba-af4f82264264
29081,0257a9b3-1900-4c87-8e6c-2bbd7fc8e2c4,c9d46372-82cb-4ab1-a3ba-af4f82264264
29131,0257a9b3-1900-4c87-8e6c-2bbd7fc8e2c4,90c010f7-e67b-4524-ae6f-980c2ce48863
29181,0257a9b3-1900-4c87-8e6c-2bbd7fc8e2c4,90c010f7-e67b-4524-ae6f-980c2ce48863
29231,0257a9b3-1900-4c87-8e6c-2bbd7fc8e2c4,61b77a5a-ba86-458c-b707-fadcdddd6dcc
29281,0257a9b3-1900-4c87-8e6c-2bbd7fc8e2c4,c4557001-5e95-4252-a572-bd8b540ecc25
29331,0257a9b3-1900-4c87-8e6c-2bbd7fc8e2c4,null
29381,02583bba-d126-4429-82ea-1257578fe5b3,null
29431,02583bba-d126-4429-82ea-1257578fe5b3,6eae2a30-0d0e-4dc0-968b-f1ed41e9ced7
29481,02583bba-d126-4429-82ea-1257578fe5b3,6eae2a30-0d0e-4dc0-968b-f1ed41e9ced7
29531,02583bba-d126-4429-82ea-1257578fe5b3,6eae2a30-0d0e-4dc0-968b-f1ed41e9ced7
29581,02583bba-d126-4429-82ea-1257578fe5b3,6eae2a30-0d0e-4dc0-968b-f1ed41e9ced7
29631,025bbbac-10d9-4ec5-abaa-9c7592f00cfa,206102b9-733b-4353-964f-20160b134c90
29681,025bbbac-10d9-4ec5-abaa-9c7592f00cfa,206102b9-733b-4353-964f-20160b134c90
29731,025bbbac-10d9-4ec5-abaa-9c7592f00cfa,206102b9-733b-4353-964f-20160b134c90
29781,025bbbac-10d9-4ec5-abaa-9c7592f00cfa,206102b9-733b-4353-964f-20160b134c90
29831,025bbbac-10d9-4ec5-abaa-9c7592f00cfa,null
29881,025bbbac-10d9-4ec5-abaa-9c7592f00cfa,null
29931,025bbbac-10d9-4ec5-abaa-9c7592f00cfa,null
29981,025bbbac-10d9-4ec5-abaa-9c7592f00cfa,null
30031,02671f2c-04b7-4ae3-ab77-bd20eab1dc2b,null
30081,02671f2c-04b7-4ae3-ab77-bd20eab1dc2b,e1b8f43b-8f03-4f16-a9ab-1fa4141850da
30131,02671f2c-04b7-4ae3-ab77-bd20eab1dc2b,e1b8f43b-8f03-4f16-a9ab-1fa4141850da
30181,02671f2c-04b7-4ae3-ab77-bd20eab1dc2b,e1b8f43b-8f03-4f16-a9ab-1fa4141850da
30231,026c10d7-da19-4a6a-95c6-93a28888d378,a4da2110-b6e8-4080-af3c-5c69b6eaeb49
30281,026c10d7-da19-4a6a-95c6-93a28888d378,a4da2110-b6e8-4080-af3c-5c69b6eaeb49
30331,026c10d7-da19-4a6a-95c6-93a28888d378,a4da2110-b6e8-4080-af3c-5c69b6eaeb49
30381,026c10d7-da19-4a6a-95c6-93a28888d378,a4da2110-b6e8-4080-af3c-5c69b6eaeb49
30431,026d3ecd-58e9-4b07-82c3-9eb7155a2e09,b3bbdd4a-86c3-4ae2-ab27-fb054a5c7284
30481,026d3ecd-58e9-4b07-82c3-9eb7155a2e09,63793d42-21de-4461-89d0-ede77300d4fb
30531,026d3ecd-58e9-4b07-82c3-9eb7155a2e09,63793d42-21de-4461-89d0-ede77300d4fb
30581,026d3ecd-58e9-4b07-82c3-9eb7155a2e09,d8ea28e6-f5ee-4a09-b0f5-b22c4c506b60
30631,026d3ecd-58e9-4b07-82c3-9eb7155a2e09,null
30681,026d3ecd-58e9-4b07-82c3-9eb7155a2e09,null
30731,026d4f71-7cdc-48fa-92b5-9c6557e114b4,56dc83e1-b341-439d-9c1e-9e2b6861e163
30781,026d4f71-7cdc-48fa-92b5-9c6557e114b4,56dc83e1-b341-439d-9c1e-9e2b6861e163
30831,026d4f71-7cdc-48fa-92b5-9c6557e114b4,56dc83e1-b341-439d-9c1e-9e2b6861e163
30881,026d4f71-7cdc-48fa-92b5-9c6557e114b4,56dc83e1-b341-439d-9c1e-9e2b6861e163
30931,026d4f71-7cdc-48fa-92b5-9c6557e114b4,8b82aa65-20c7-4ab5-9b02-cc2f876cccf5
30981,026d4f71-7cdc-48fa-92b5-9c6557e114b4,8b82aa65-20c7-4ab5-9b02-cc2f876cccf5
31031,026d4f71-7cdc-48fa-92b5-9c6557e114b4,8b82aa65-20c7-4ab5-9b02-cc2f876cccf5
31081,026d4f71-7cdc-48fa-92b5-9c6557e114b4,8b82aa65-20c7-4ab5-9b02-cc2f876cccf5
31131,026d4f71-7cdc-48fa-92b5-9c6557e114b4,8b82aa65-20c7-4ab5-9b02-cc2f876cccf5
31181,026d4f71-7cdc-48fa-92b5-9c6557e114b4,8b82aa65-20c7-4ab5-9b02-cc2f876cccf5
31231,026d4f71-7cdc-48fa-92b5-9c6557e114b4,8b82aa65-20c7-4ab5-9b02-cc2f876cccf5
31281,026d4f71-7cdc-48fa-92b5-9c6557e114b4,8b82aa65-20c7-4ab5-9b02-cc2f876cccf5
31331,026d4f71-7cdc-48fa-92b5-9c6557e114b4,79a56096-52bc-4a09-b598-c4f36a560c3d
31381,026d4f71-7cdc-48fa-92b5-9c6557e114b4,79a56096-52bc-4a09-b598-c4f36a560c3d
31431,026d4f71-7cdc-48fa-92b5-9c6557e114b4,null
31481,026d4f71-7cdc-48fa-92b5-9c6557e114b4,null
31531,026d4f71-7cdc-48fa-92b5-9c6557e114b4,null
31581,026d4f71-7cdc-48fa-92b5-9c6557e114b4,null
31631,026ffa35-d946-4088-b51c-934072c0cce4,57fd3b6d-d1e3-4624-888c-20f3eb624634
31681,026ffa35-d946-4088-b51c-934072c0cce4,57fd3b6d-d1e3-4624-888c-20f3eb624634
31731,026ffa35-d946-4088-b51c-934072c0cce4,57fd3b6d-d1e3-4624-888c-20f3eb624634
31781,026ffa35-d946-4088-b51c-934072c0cce4,null
31831,026ffa35-d946-4088-b51c-934072c0cce4,null
31881,026ffa35-d946-4088-b51c-934072c0cce4,null
31931,027132fe-a7ff-494d-b4d6-f6914f27dd18,null
31981,027132fe-a7ff-494d-b4d6-f6914f27dd18,36ac9ca6-76e6-426f-a71d-5cdd5f9cd70d
32031,027132fe-a7ff-494d-b4d6-f6914f27dd18,36ac9ca6-76e6-426f-a71d-5cdd5f9cd70d
32081,027bc7bf-3089-474f-9e4f-bab23b454000,a6d115cc-dc50-40a7-9e1e-1e36eeab2458
32131,027bc7bf-3089-474f-9e4f-bab23b454000,a6d115cc-dc50-40a7-9e1e-1e36eeab2458
32181,027bc7bf-3089-474f-9e4f-bab23b454000,a6d115cc-dc50-40a7-9e1e-1e36eeab2458
32231,027bc7bf-3089-474f-9e4f-bab23b454000,a6d115cc-dc50-40a7-9e1e-1e36eeab2458
32281,027c1823-a1f1-4de9-b068-aaa90b960cf6,null
32331,027c1823-a1f1-4de9-b068-aaa90b960cf6,b955e771-9c4f-4690-bb3f-dcacb28ea7c7
32381,02808269-d0e0-4d27-99b6-baed8768e0e6,null
32431,02808269-d0e0-4d27-99b6-baed8768e0e6,c1d98aa1-bb13-4cda-a816-7ce23e812268
32481,02808269-d0e0-4d27-99b6-baed8768e0e6,c1d98aa1-bb13-4cda-a816-7ce23e812268
32531,02808269-d0e0-4d27-99b6-baed8768e0e6,4c13eef8-00fc-4b8f-a4da-e3ee03360c61
32581,02808269-d0e0-4d27-99b6-baed8768e0e6,4c13eef8-00fc-4b8f-a4da-e3ee03360c61
32631,02808269-d0e0-4d27-99b6-baed8768e0e6,4c13eef8-00fc-4b8f-a4da-e3ee03360c61
32681,02808269-d0e0-4d27-99b6-baed8768e0e6,4c13eef8-00fc-4b8f-a4da-e3ee03360c61
32731,02829d9c-b931-4d90-a676-b126520646f8,0559d622-c9e0-4267-9a78-3fe8d4899c68
32781,02829d9c-b931-4d90-a676-b126520646f8,5aab364b-96be-43e3-a45f-3e344f7e02be
32831,02829d9c-b931-4d90-a676-b126520646f8,5aab364b-96be-43e3-a45f-3e344f7e02be
32881,02829d9c-b931-4d90-a676-b126520646f8,null
32931,02829d9c-b931-4d90-a676-b126520646f8,null
32981,02829d9c-b931-4d90-a676-b126520646f8,null
33031,0283025b-a2c5-4bde-8eda-8a13b2df0353,null
33081,0283025b-a2c5-4bde-8eda-8a13b2df0353,f1467682-3176-4f50-9682-1cb90e173a4b
33131,0283025b-a2c5-4bde-8eda-8a13b2df0353,f1467682-3176-4f50-9682-1cb90e173a4b
33181,02854f07-e723-496e-bf96-cbc690db1e39,38f0f30b-8e39-49a9-b839-35bdf7f10f5c
33231,02854f07-e723-496e-bf96-cbc690db1e39,38f0f30b-8e39-49a9-b839-35bdf7f10f5c
33281,02854f07-e723-496e-bf96-cbc690db1e39,38f0f30b-8e39-49a9-b839-35bdf7f10f5c
33331,0285f52f-70f3-479e-9a00-f4e3734e24b4,9544aba7-c280-4299-a44d-706e9af8408b
33381,0285f52f-70f3-479e-9a00-f4e3734e24b4,9544aba7-c280-4299-a44d-706e9af8408b
33431,0285f52f-70f3-479e-9a00-f4e3734e24b4,4bf99fc7-57c0-47f2-8c15-7c8410b0fe86
33481,0285f52f-70f3-479e-9a00-f4e3734e24b4,14628329-7817-4d4d-b8f5-b554247bcc61
33531,0285f52f-70f3-479e-9a00-f4e3734e24b4,14628329-7817-4d4d-b8f5-b554247bcc61
33581,0285f52f-70f3-479e-9a00-f4e3734e24b4,52b27ed5-e323-44d9-b826-4d755f816d55
33631,0285f52f-70f3-479e-9a00-f4e3734e24b4,null
33681,0285f52f-70f3-479e-9a00-f4e3734e24b4,null
33731,0285f52f-70f3-479e-9a00-f4e3734e24b4,null
33781,028a33d1-9d7b-45f9-b985-1401e66d5e08,null
33831,028a33d1-9d7b-45f9-b985-1401e66d5e08,a218c368-79d3-49c9-ab31-cf972561ff72
33881,028a33d1-9d7b-45f9-b985-1401e66d5e08,06f43847-0c94-414d-988d-6f841d940970
33931,028a33d1-9d7b-45f9-b985-1401e66d5e08,null
33981,028a33d1-9d7b-45f9-b985-1401e66d5e08,null
34031,028a33d1-9d7b-45f9-b985-1401e66d5e08,null
34081,028a33d1-9d7b-45f9-b985-1401e66d5e08,null
34131,028a33d1-9d7b-45f9-b985-1401e66d5e08,null
34181,0295122e-c47e-4a0c-bdcf-0307021bd96f,e0b5e236-6dd2-4f8f-8e64-081b57165619
34231,0295122e-c47e-4a0c-bdcf-0307021bd96f,e0b5e236-6dd2-4f8f-8e64-081b57165619
34281,0295122e-c47e-4a0c-bdcf-0307021bd96f,e0b5e236-6dd2-4f8f-8e64-081b57165619
34331,0295122e-c47e-4a0c-bdcf-0307021bd96f,e0b5e236-6dd2-4f8f-8e64-081b57165619
34381,0295122e-c47e-4a0c-bdcf-0307021bd96f,12e84eb1-3cba-4b50-bee9-0308a1041ba8
34431,0295122e-c47e-4a0c-bdcf-0307021bd96f,12e84eb1-3cba-4b50-bee9-0308a1041ba8
34481,0295122e-c47e-4a0c-bdcf-0307021bd96f,null
34531,0295122e-c47e-4a0c-bdcf-0307021bd96f,null
34581,0295122e-c47e-4a0c-bdcf-0307021bd96f,null
34631,0295122e-c47e-4a0c-bdcf-0307021bd96f,null
34681,029b6ef3-a4d7-444a-bc28-0d648cd3ac98,216c3c0b-9ead-4c17-ba4b-ebbae734ee9a
34731,029b6ef3-a4d7-444a-bc28-0d648cd3ac98,216c3c0b-9ead-4c17-ba4b-ebbae734ee9a
34781,029b6ef3-a4d7-444a-bc28-0d648cd3ac98,216c3c0b-9ead-4c17-ba4b-ebbae734ee9a
34831,029b6ef3-a4d7-444a-bc28-0d648cd3ac98,216c3c0b-9ead-4c17-ba4b-ebbae734ee9a
34881,029b6ef3-a4d7-444a-bc28-0d648cd3ac98,1f1bc1f2-cc35-47c7-afe3-d500919b85b0
34931,029b6ef3-a4d7-444a-bc28-0d648cd3ac98,1f1bc1f2-cc35-47c7-afe3-d500919b85b0
34981,029b6ef3-a4d7-444a-bc28-0d648cd3ac98,1f1bc1f2-cc35-47c7-afe3-d500919b85b0
35031,029b6ef3-a4d7-444a-bc28-0d648cd3ac98,1f1bc1f2-cc35-47c7-afe3-d500919b85b0
35081,029b6ef3-a4d7-444a-bc28-0d648cd3ac98,ffbebdb1-2884-423d-97a3-98dd19826fb8
35131,029b6ef3-a4d7-444a-bc28-0d648cd3ac98,ffbebdb1-2884-423d-97a3-98dd19826fb8
35181,029b6ef3-a4d7-444a-bc28-0d648cd3ac98,9c8a4001-0b99-4aa4-b6ab-dda935653dc4
35231,029b6ef3-a4d7-444a-bc28-0d648cd3ac98,ffbebdb1-2884-423d-97a3-98dd19826fb8
35281,029b6ef3-a4d7-444a-bc28-0d648cd3ac98,ffbebdb1-2884-423d-97a3-98dd19826fb8
35331,029b6ef3-a4d7-444a-bc28-0d648cd3ac98,null
35381,029b6ef3-a4d7-444a-bc28-0d648cd3ac98,null
35431,029b6ef3-a4d7-444a-bc28-0d648cd3ac98,null
35481,029fae39-2a8d-4e2d-8f61-e328a6d793e9,f9a20120-2eae-49cd-aff6-fa6538b3c5f9
35531,029fae39-2a8d-4e2d-8f61-e328a6d793e9,b45d6dbc-4b4c-4b9b-b40c-13e824db49b7
35581,029fae39-2a8d-4e2d-8f61-e328a6d793e9,f9a20120-2eae-49cd-aff6-fa6538b3c5f9
35631,029fae39-2a8d-4e2d-8f61-e328a6d793e9,f9a20120-2eae-49cd-aff6-fa6538b3c5f9
35681,029fae39-2a8d-4e2d-8f61-e328a6d793e9,f9a20120-2eae-49cd-aff6-fa6538b3c5f9
35731,029fae39-2a8d-4e2d-8f61-e328a6d793e9,f9a20120-2eae-49cd-aff6-fa6538b3c5f9
35781,029fae39-2a8d-4e2d-8f61-e328a6d793e9,b803daa8-150f-40c4-9654-2655a0f8941c
35831,029fae39-2a8d-4e2d-8f61-e328a6d793e9,43935ef9-8dea-4876-9e14-62e09b77e1d6
35881,029fae39-2a8d-4e2d-8f61-e328a6d793e9,4659f746-1879-471d-b1ae-b40c945e6e97
35931,029fae39-2a8d-4e2d-8f61-e328a6d793e9,4659f746-1879-471d-b1ae-b40c945e6e97
35981,029fae39-2a8d-4e2d-8f61-e328a6d793e9,f9a20120-2eae-49cd-aff6-fa6538b3c5f9
36031,029fae39-2a8d-4e2d-8f61-e328a6d793e9,4659f746-1879-471d-b1ae-b40c945e6e97
36081,029fae39-2a8d-4e2d-8f61-e328a6d793e9,null
36131,029fae39-2a8d-4e2d-8f61-e328a6d793e9,null
36181,02a1732c-bc76-438f-8bd3-48537494d3ca,null
36231,02a1732c-bc76-438f-8bd3-48537494d3ca,a40be402-7d0d-4f1f-a6d3-597259781f86
36281,02a1732c-bc76-438f-8bd3-48537494d3ca,a40be402-7d0d-4f1f-a6d3-597259781f86
36331,02af0dc8-838a-478f-b4cc-89e63e8710c3,282f9518-72e1-449b-b01c-2d665f4d1fd9
36381,02af0dc8-838a-478f-b4cc-89e63e8710c3,282f9518-72e1-449b-b01c-2d665f4d1fd9
36431,02af0dc8-838a-478f-b4cc-89e63e8710c3,282f9518-72e1-449b-b01c-2d665f4d1fd9
36481,02af0dc8-838a-478f-b4cc-89e63e8710c3,1b351a6e-ebef-4f10-a6c3-8e3e2279b886
36531,02af0dc8-838a-478f-b4cc-89e63e8710c3,1b351a6e-ebef-4f10-a6c3-8e3e2279b886
36581,02af0dc8-838a-478f-b4cc-89e63e8710c3,d0d233f9-4e4c-43fe-8856-8e1512875390
36631,02af0dc8-838a-478f-b4cc-89e63e8710c3,b67164f1-9d55-468d-aebe-1f92cfb4e127
36681,02af0dc8-838a-478f-b4cc-89e63e8710c3,null
36731,02af0dc8-838a-478f-b4cc-89e63e8710c3,null
36781,02af0dc8-838a-478f-b4cc-89e63e8710c3,null
36831,02af0dc8-838a-478f-b4cc-89e63e8710c3,null
36881,02af0dc8-838a-478f-b4cc-89e63e8710c3,null
36931,02af0dc8-838a-478f-b4cc-89e63e8710c3,null
36981,02b006f6-b289-464f-9719-68aa9c3e8593,null
37031,02b006f6-b289-464f-9719-68aa9c3e8593,a9dbfb77-a935-43fc-9e0e-c7fc4c3a1b87
37081,02b006f6-b289-464f-9719-68aa9c3e8593,null
37131,02b006f6-b289-464f-9719-68aa9c3e8593,null
37181,02b71386-8153-4e7c-83ab-2b3405083a72,null
37231,02b71386-8153-4e7c-83ab-2b3405083a72,17d848f6-e829-4b22-9b14-4a13f43c27db
37281,02b71386-8153-4e7c-83ab-2b3405083a72,17d848f6-e829-4b22-9b14-4a13f43c27db
37331,02b7ebeb-60d0-46b9-83f6-ff5b604273e1,9e60f8a0-8fb5-4505-9903-486f6ecad716
37381,02b7ebeb-60d0-46b9-83f6-ff5b604273e1,30396564-8115-43bf-ac9e-f2832163dae5
37431,02b7ebeb-60d0-46b9-83f6-ff5b604273e1,30396564-8115-43bf-ac9e-f2832163dae5
37481,02b7ebeb-60d0-46b9-83f6-ff5b604273e1,30396564-8115-43bf-ac9e-f2832163dae5
37531,02c17c0a-d851-40bb-95e0-344d58991bbc,null
37581,02c17c0a-d851-40bb-95e0-344d58991bbc,69a4970e-9b82-421c-adee-babb5993fbb2
37631,02c17c0a-d851-40bb-95e0-344d58991bbc,69a4970e-9b82-421c-adee-babb5993fbb2
37681,02c17c0a-d851-40bb-95e0-344d58991bbc,cd795d09-db50-448c-a953-01e9244977c8
37731,02c17c0a-d851-40bb-95e0-344d58991bbc,cd795d09-db50-448c-a953-01e9244977c8
37781,02c17c0a-d851-40bb-95e0-344d58991bbc,cd795d09-db50-448c-a953-01e9244977c8
37831,02c17c0a-d851-40bb-95e0-344d58991bbc,null
37881,02c17c0a-d851-40bb-95e0-344d58991bbc,null
37931,02c17c0a-d851-40bb-95e0-344d58991bbc,null
37981,02c17c0a-d851-40bb-95e0-344d58991bbc,null
38031,02c17c0a-d851-40bb-95e0-344d58991bbc,null
38081,02c17c0a-d851-40bb-95e0-344d58991bbc,null
38131,02cf9e2c-e7d8-4516-bff9-a0f6bd8f2a14,085e757a-8673-48de-b1fe-e40bae10f839
38181,02cf9e2c-e7d8-4516-bff9-a0f6bd8f2a14,085e757a-8673-48de-b1fe-e40bae10f839
38231,02cf9e2c-e7d8-4516-bff9-a0f6bd8f2a14,085e757a-8673-48de-b1fe-e40bae10f839
38281,02cf9e2c-e7d8-4516-bff9-a0f6bd8f2a14,085e757a-8673-48de-b1fe-e40bae10f839
38331,02cf9e2c-e7d8-4516-bff9-a0f6bd8f2a14,085e757a-8673-48de-b1fe-e40bae10f839
38381,02cf9e2c-e7d8-4516-bff9-a0f6bd8f2a14,89a96ae3-ae4d-402c-93d9-54828d60fdb1
38431,02cf9e2c-e7d8-4516-bff9-a0f6bd8f2a14,null
38481,02cf9e2c-e7d8-4516-bff9-a0f6bd8f2a14,null
38531,02cf9e2c-e7d8-4516-bff9-a0f6bd8f2a14,null
38581,02cf9e2c-e7d8-4516-bff9-a0f6bd8f2a14,null
38631,02dd4306-cbc9-4632-9a8c-0c2b03e683b0,18fb9dfc-8258-417d-8732-939594f91110
38681,02dd4306-cbc9-4632-9a8c-0c2b03e683b0,18fb9dfc-8258-417d-8732-939594f91110
38731,02dd4306-cbc9-4632-9a8c-0c2b03e683b0,18fb9dfc-8258-417d-8732-939594f91110
38781,02dd4306-cbc9-4632-9a8c-0c2b03e683b0,00658e10-ce68-4384-88c9-de98ad875a62
38831,02dd4306-cbc9-4632-9a8c-0c2b03e683b0,00658e10-ce68-4384-88c9-de98ad875a62
38881,02dd4306-cbc9-4632-9a8c-0c2b03e683b0,1093fe18-ea62-418f-9cde-a1bda28f7069
38931,02dd4306-cbc9-4632-9a8c-0c2b03e683b0,1093fe18-ea62-418f-9cde-a1bda28f7069
38981,02e2b0c4-59fb-447e-95f7-29a53950bfb2,null
39031,02e2b0c4-59fb-447e-95f7-29a53950bfb2,33efa669-189e-4a1f-a540-277a82a5b78b
39081,02e2b0c4-59fb-447e-95f7-29a53950bfb2,33efa669-189e-4a1f-a540-277a82a5b78b
39131,02e2b0c4-59fb-447e-95f7-29a53950bfb2,33efa669-189e-4a1f-a540-277a82a5b78b
39181,02e2b0c4-59fb-447e-95f7-29a53950bfb2,33efa669-189e-4a1f-a540-277a82a5b78b
39231,02e2b0c4-59fb-447e-95f7-29a53950bfb2,33efa669-189e-4a1f-a540-277a82a5b78b
39281,02e2b0c4-59fb-447e-95f7-29a53950bfb2,null
39331,02e2b0c4-59fb-447e-95f7-29a53950bfb2,null
39381,02e2b0c4-59fb-447e-95f7-29a53950bfb2,null
39431,02fc36a7-3470-4941-9202-551c5fe30bff,8b5b7ea9-db0c-45c9-8ee9-797d9fd1181b
39481,02fc36a7-3470-4941-9202-551c5fe30bff,8b5b7ea9-db0c-45c9-8ee9-797d9fd1181b
39531,02fc36a7-3470-4941-9202-551c5fe30bff,8b5b7ea9-db0c-45c9-8ee9-797d9fd1181b
39581,02fc36a7-3470-4941-9202-551c5fe30bff,788cf2b4-3938-43fa-89d0-280cb13a4279
39631,02fc36a7-3470-4941-9202-551c5fe30bff,ced4ac64-13ac-4792-b4e9-07db2acac8ad
39681,02fc36a7-3470-4941-9202-551c5fe30bff,null
39731,02fc36a7-3470-4941-9202-551c5fe30bff,null
39781,02fc36a7-3470-4941-9202-551c5fe30bff,null
39831,03042144-ba8a-4836-bcfa-753cc3b7de49,null
39881,03042144-ba8a-4836-bcfa-753cc3b7de49,7d48e824-2d46-4f2f-8749-7fb245d3a2be
39931,03042144-ba8a-4836-bcfa-753cc3b7de49,7d48e824-2d46-4f2f-8749-7fb245d3a2be
39981,03042144-ba8a-4836-bcfa-753cc3b7de49,7d48e824-2d46-4f2f-8749-7fb245d3a2be
40031,03042144-ba8a-4836-bcfa-753cc3b7de49,7d48e824-2d46-4f2f-8749-7fb245d3a2be
40081,030a05e9-291d-4670-b694-9bb70ac184ff,null
40131,030a05e9-291d-4670-b694-9bb70ac184ff,e538a77c-5dcc-4bfd-8e2f-c6daa07a808f
40181,030a05e9-291d-4670-b694-9bb70ac184ff,e538a77c-5dcc-4bfd-8e2f-c6daa07a808f
40231,030a05e9-291d-4670-b694-9bb70ac184ff,e538a77c-5dcc-4bfd-8e2f-c6daa07a808f
40281,030a05e9-291d-4670-b694-9bb70ac184ff,e538a77c-5dcc-4bfd-8e2f-c6daa07a808f
40331,030a05e9-291d-4670-b694-9bb70ac184ff,null
40381,030a05e9-291d-4670-b694-9bb70ac184ff,null
40431,030a05e9-291d-4670-b694-9bb70ac184ff,null
40481,030d98f2-a924-41a9-9360-49c65477ad95,null
40531,030d98f2-a924-41a9-9360-49c65477ad95,8e04693d-36cb-4f12-b5b9-6eb4211aeae3
40581,030d98f2-a924-41a9-9360-49c65477ad95,8e04693d-36cb-4f12-b5b9-6eb4211aeae3
40631,030d98f2-a924-41a9-9360-49c65477ad95,8e04693d-36cb-4f12-b5b9-6eb4211aeae3
40681,030d98f2-a924-41a9-9360-49c65477ad95,null
40731,03116266-5907-40e3-918a-7c7b388a89d4,null
40781,03116266-5907-40e3-918a-7c7b388a89d4,a66d557b-b7dc-4c08-9d4e-4f5695acd1df
40831,03116266-5907-40e3-918a-7c7b388a89d4,0e3dbf46-ac43-4cb8-8789-42663ffd8b5b
40881,03116266-5907-40e3-918a-7c7b388a89d4,e771d5ad-1c16-4eaf-ae51-93199866a68c
40931,03116266-5907-40e3-918a-7c7b388a89d4,83f2a061-b78f-4a63-a031-061d7dfb9971
40981,03116266-5907-40e3-918a-7c7b388a89d4,6db38aa2-e337-47e2-9c73-a5ffda91376f
41031,03116266-5907-40e3-918a-7c7b388a89d4,f96e09bb-4aa7-46fd-a806-2c329a1de220
41081,03116266-5907-40e3-918a-7c7b388a89d4,f96e09bb-4aa7-46fd-a806-2c329a1de220
41131,03116266-5907-40e3-918a-7c7b388a89d4,83f2a061-b78f-4a63-a031-061d7dfb9971
41181,03116266-5907-40e3-918a-7c7b388a89d4,null
41231,03116266-5907-40e3-918a-7c7b388a89d4,null
41281,03116266-5907-40e3-918a-7c7b388a89d4,null
41331,03116266-5907-40e3-918a-7c7b388a89d4,null
41381,03129159-209f-4cc1-9d80-4d9deaf11e50,2c8c24fc-4e98-4e7c-9258-c579b06fd182
41431,03129159-209f-4cc1-9d80-4d9deaf11e50,2c8c24fc-4e98-4e7c-9258-c579b06fd182
41481,03129159-209f-4cc1-9d80-4d9deaf11e50,2c8c24fc-4e98-4e7c-9258-c579b06fd182
41531,03129159-209f-4cc1-9d80-4d9deaf11e50,1fb8ea6d-5c08-4df6-9c55-9e48b8c76127
41581,03129159-209f-4cc1-9d80-4d9deaf11e50,2af00873-5f66-41ad-83b3-e8cccd6a5d5c
41631,03129159-209f-4cc1-9d80-4d9deaf11e50,2af00873-5f66-41ad-83b3-e8cccd6a5d5c
41681,03129159-209f-4cc1-9d80-4d9deaf11e50,3d08851d-1623-4f12-ab6e-cf12a8d9b24c
41731,03129159-209f-4cc1-9d80-4d9deaf11e50,1fb8ea6d-5c08-4df6-9c55-9e48b8c76127
41781,03129159-209f-4cc1-9d80-4d9deaf11e50,2980820b-65cd-478d-886e-a33264ccab17
41831,03129159-209f-4cc1-9d80-4d9deaf11e50,2980820b-65cd-478d-886e-a33264ccab17
41881,03129159-209f-4cc1-9d80-4d9deaf11e50,1fb8ea6d-5c08-4df6-9c55-9e48b8c76127
41931,03129159-209f-4cc1-9d80-4d9deaf11e50,null
41981,03129159-209f-4cc1-9d80-4d9deaf11e50,null
42031,03129159-209f-4cc1-9d80-4d9deaf11e50,null
42081,03129159-209f-4cc1-9d80-4d9deaf11e50,null
42131,03129159-209f-4cc1-9d80-4d9deaf11e50,null
42181,03194a1c-00c0-4f06-949f-d2e2bad31c2e,ee4ccd11-c396-467f-adf8-17dad31485df
42231,03194a1c-00c0-4f06-949f-d2e2bad31c2e,ee4ccd11-c396-467f-adf8-17dad31485df
42281,03194a1c-00c0-4f06-949f-d2e2bad31c2e,89871fc2-38d9-4ccc-bfbe-61f99473342e
42331,03194a1c-00c0-4f06-949f-d2e2bad31c2e,null
42381,03194a1c-00c0-4f06-949f-d2e2bad31c2e,null
42431,03194a1c-00c0-4f06-949f-d2e2bad31c2e,null
42481,031da840-8c27-4481-85f2-f77fdfed9e15,17e0ede1-f3ba-42b1-ba5d-9a7a51ed5278
42531,031da840-8c27-4481-85f2-f77fdfed9e15,17e0ede1-f3ba-42b1-ba5d-9a7a51ed5278
42581,03233290-758d-4c2e-a1de-ca5bcd2d1af6,null
42631,03233290-758d-4c2e-a1de-ca5bcd2d1af6,a1d56d9f-daef-4858-8954-3fec443e5261
42681,03233290-758d-4c2e-a1de-ca5bcd2d1af6,a1d56d9f-daef-4858-8954-3fec443e5261
42731,03233290-758d-4c2e-a1de-ca5bcd2d1af6,df7d450d-bd7c-4519-8d33-23c12067d073
42781,03233290-758d-4c2e-a1de-ca5bcd2d1af6,df7d450d-bd7c-4519-8d33-23c12067d073
42831,03233290-758d-4c2e-a1de-ca5bcd2d1af6,0e186708-c2bf-4386-8a08-01bc7f2d4154
42881,03233290-758d-4c2e-a1de-ca5bcd2d1af6,0e186708-c2bf-4386-8a08-01bc7f2d4154
42931,03233290-758d-4c2e-a1de-ca5bcd2d1af6,0e186708-c2bf-4386-8a08-01bc7f2d4154
42981,03233290-758d-4c2e-a1de-ca5bcd2d1af6,0e186708-c2bf-4386-8a08-01bc7f2d4154
43031,03233290-758d-4c2e-a1de-ca5bcd2d1af6,94807c33-2dbc-4215-abcd-030e444b8484
43081,03233290-758d-4c2e-a1de-ca5bcd2d1af6,94807c33-2dbc-4215-abcd-030e444b8484
43131,03233290-758d-4c2e-a1de-ca5bcd2d1af6,null
43181,032b9043-a961-43f2-a5d5-3dddd6f23971,fad7cda8-3aef-4627-9010-273982e666ed
43231,032b9043-a961-43f2-a5d5-3dddd6f23971,f55364e8-f57d-4c55-b1bd-09a1d94b6e34
43281,032b9043-a961-43f2-a5d5-3dddd6f23971,a6035b64-0b29-4f95-a7b7-56b66c4cff55
43331,032b9043-a961-43f2-a5d5-3dddd6f23971,a6035b64-0b29-4f95-a7b7-56b66c4cff55
43381,032b9043-a961-43f2-a5d5-3dddd6f23971,80cc0c81-e25f-4b2d-a2d5-96f9ff441dd1
43431,032b9043-a961-43f2-a5d5-3dddd6f23971,80cc0c81-e25f-4b2d-a2d5-96f9ff441dd1
43481,032b9043-a961-43f2-a5d5-3dddd6f23971,29d0bb43-d1ee-4fc8-8639-1816fa1f8706
43531,032b9043-a961-43f2-a5d5-3dddd6f23971,null
43581,032b9043-a961-43f2-a5d5-3dddd6f23971,null
43631,032b9043-a961-43f2-a5d5-3dddd6f23971,null
43681,032b9043-a961-43f2-a5d5-3dddd6f23971,null
43731,032d9280-7379-4136-b75f-a401def747b9,6d378239-17fa-4f24-ab3e-cb04d5e7aa63
43781,032d9280-7379-4136-b75f-a401def747b9,25b13ac8-0cf7-492e-b0d0-7b844138ca38
43831,032d9280-7379-4136-b75f-a401def747b9,25b13ac8-0cf7-492e-b0d0-7b844138ca38
43881,032d9280-7379-4136-b75f-a401def747b9,25b13ac8-0cf7-492e-b0d0-7b844138ca38
43931,032d9280-7379-4136-b75f-a401def747b9,null
43981,032d9280-7379-4136-b75f-a401def747b9,null
44031,032d9280-7379-4136-b75f-a401def747b9,null
44081,03405c2a-f4e5-44a7-b9c4-ea0fd510eb6b,null
44131,03405c2a-f4e5-44a7-b9c4-ea0fd510eb6b,d28cd430-e7da-437a-a8fb-5bb79c640bff
44181,03405c2a-f4e5-44a7-b9c4-ea0fd510eb6b,d28cd430-e7da-437a-a8fb-5bb79c640bff
44231,03405c2a-f4e5-44a7-b9c4-ea0fd510eb6b,d28cd430-e7da-437a-a8fb-5bb79c640bff
44281,03405c2a-f4e5-44a7-b9c4-ea0fd510eb6b,d28cd430-e7da-437a-a8fb-5bb79c640bff
44331,03405c2a-f4e5-44a7-b9c4-ea0fd510eb6b,772d1c77-953c-413d-90a1-afe6aea50e0b
44381,03405c2a-f4e5-44a7-b9c4-ea0fd510eb6b,null
44431,03405c2a-f4e5-44a7-b9c4-ea0fd510eb6b,null
44481,03405c2a-f4e5-44a7-b9c4-ea0fd510eb6b,null
44531,034072ec-63f2-4817-8a0f-38b8dbbc4d73,e4440805-690b-4400-92af-4615b976c2ec
44581,034072ec-63f2-4817-8a0f-38b8dbbc4d73,cb685bc2-b909-4d98-aeb6-256db7bd337d
44631,034072ec-63f2-4817-8a0f-38b8dbbc4d73,e4440805-690b-4400-92af-4615b976c2ec
44681,034072ec-63f2-4817-8a0f-38b8dbbc4d73,b11b2990-0b2a-4abf-8d6b-7d3bad182eef
44731,034072ec-63f2-4817-8a0f-38b8dbbc4d73,null
44781,034072ec-63f2-4817-8a0f-38b8dbbc4d73,null
44831,034072ec-63f2-4817-8a0f-38b8dbbc4d73,null
44881,03421f74-849f-4a1b-9ae9-c24af9d7c9d2,02fdde61-5732-4418-82e1-d17808f4c1be
44931,03421f74-849f-4a1b-9ae9-c24af9d7c9d2,null
44981,03421f74-849f-4a1b-9ae9-c24af9d7c9d2,null
45031,03421f74-849f-4a1b-9ae9-c24af9d7c9d2,null
45081,03421f74-849f-4a1b-9ae9-c24af9d7c9d2,null
45131,034b78c6-0f81-4e71-89a3-4f9ce3ae6f8c,8dfdf2a6-3bf8-4c54-9421-e384cc248fc0
45181,034b78c6-0f81-4e71-89a3-4f9ce3ae6f8c,8dfdf2a6-3bf8-4c54-9421-e384cc248fc0
45231,034b78c6-0f81-4e71-89a3-4f9ce3ae6f8c,8dfdf2a6-3bf8-4c54-9421-e384cc248fc0
45281,034b78c6-0f81-4e71-89a3-4f9ce3ae6f8c,82f35614-78fb-4a72-af87-3fd2dc7dcb4a
45331,034b78c6-0f81-4e71-89a3-4f9ce3ae6f8c,9e1f7c98-2f69-4701-88d8-6116f1c16e68
45381,034b78c6-0f81-4e71-89a3-4f9ce3ae6f8c,9e1f7c98-2f69-4701-88d8-6116f1c16e68
45431,034b78c6-0f81-4e71-89a3-4f9ce3ae6f8c,d2e2aca8-3473-4c3f-a369-0d0bef6be887
45481,034b78c6-0f81-4e71-89a3-4f9ce3ae6f8c,null
45531,034b78c6-0f81-4e71-89a3-4f9ce3ae6f8c,null
45581,034b78c6-0f81-4e71-89a3-4f9ce3ae6f8c,null
45631,034b78c6-0f81-4e71-89a3-4f9ce3ae6f8c,null
45681,034ba2db-fe9c-49b6-a843-3d6ba254a17a,null
45731,034ba2db-fe9c-49b6-a843-3d6ba254a17a,939abb08-39af-4015-96c4-0bc23a5c290a
45781,034bb76c-5ced-419b-bcfc-2219105f0f60,bfc98ff8-0e1d-40b9-83ad-b399d1c7207a
45831,034bb76c-5ced-419b-bcfc-2219105f0f60,9e7e5a5f-719e-49ec-ab0c-3b9f45831a52
45881,034bb76c-5ced-419b-bcfc-2219105f0f60,9e7e5a5f-719e-49ec-ab0c-3b9f45831a52
45931,034bb76c-5ced-419b-bcfc-2219105f0f60,9e7e5a5f-719e-49ec-ab0c-3b9f45831a52
45981,034bb76c-5ced-419b-bcfc-2219105f0f60,9e7e5a5f-719e-49ec-ab0c-3b9f45831a52
46031,034bb76c-5ced-419b-bcfc-2219105f0f60,9e7e5a5f-719e-49ec-ab0c-3b9f45831a52
46081,034bb76c-5ced-419b-bcfc-2219105f0f60,9e7e5a5f-719e-49ec-ab0c-3b9f45831a52
46131,034bb76c-5ced-419b-bcfc-2219105f0f60,9e7e5a5f-719e-49ec-ab0c-3b9f45831a52
46181,034bb76c-5ced-419b-bcfc-2219105f0f60,2bcc043d-73f5-4dd2-944c-a9568f09bff0
46231,034bb76c-5ced-419b-bcfc-2219105f0f60,9e7e5a5f-719e-49ec-ab0c-3b9f45831a52
46281,034bb76c-5ced-419b-bcfc-2219105f0f60,null
46331,034bb76c-5ced-419b-bcfc-2219105f0f60,null
46381,034bb76c-5ced-419b-bcfc-2219105f0f60,null
46431,034bb76c-5ced-419b-bcfc-2219105f0f60,null
46481,034fef2d-776b-4e7a-876b-d7abf1d59702,null
46531,034fef2d-776b-4e7a-876b-d7abf1d59702,7296df8e-8841-4ca8-9161-f5606fc6dce3
46581,034fef2d-776b-4e7a-876b-d7abf1d59702,7296df8e-8841-4ca8-9161-f5606fc6dce3
46631,034fef2d-776b-4e7a-876b-d7abf1d59702,7296df8e-8841-4ca8-9161-f5606fc6dce3
46681,034fef2d-776b-4e7a-876b-d7abf1d59702,7296df8e-8841-4ca8-9161-f5606fc6dce3
46731,034fef2d-776b-4e7a-876b-d7abf1d59702,c44b4b20-19a3-4d43-813a-09929c78dc62
46781,034fef2d-776b-4e7a-876b-d7abf1d59702,c44b4b20-19a3-4d43-813a-09929c78dc62
46831,034fef2d-776b-4e7a-876b-d7abf1d59702,c44b4b20-19a3-4d43-813a-09929c78dc62
46881,034fef2d-776b-4e7a-876b-d7abf1d59702,null
46931,0352aa01-7efd-49e7-af1e-ef6671658c3b,null
46981,0352aa01-7efd-49e7-af1e-ef6671658c3b,3fa5c322-b15d-41eb-b378-c60d56caa85c
47031,0352aa01-7efd-49e7-af1e-ef6671658c3b,null
47081,0352aa01-7efd-49e7-af1e-ef6671658c3b,null
47131,0352aa01-7efd-49e7-af1e-ef6671658c3b,null
47181,03769f57-cfa6-4fc9-af42-e6b8c9bb789f,b6eeb721-9597-4827-a523-5fbf82b7e0e5
47231,03769f57-cfa6-4fc9-af42-e6b8c9bb789f,b6eeb721-9597-4827-a523-5fbf82b7e0e5
47281,03769f57-cfa6-4fc9-af42-e6b8c9bb789f,8fc798ae-b6d9-4b9b-8112-67a5babf5fa7
47331,03769f57-cfa6-4fc9-af42-e6b8c9bb789f,null
47381,037b9ff4-ce59-44eb-96a4-c036862502d6,395d18c5-4977-4fb6-988b-0f5227fa42f0
47431,037b9ff4-ce59-44eb-96a4-c036862502d6,395d18c5-4977-4fb6-988b-0f5227fa42f0
47481,037b9ff4-ce59-44eb-96a4-c036862502d6,null
47531,037b9ff4-ce59-44eb-96a4-c036862502d6,null
47581,037b9ff4-ce59-44eb-96a4-c036862502d6,null
47631,0380f394-77ca-496d-884f-f08b6326de86,null
47681,0380f394-77ca-496d-884f-f08b6326de86,c22df843-ebaf-4028-9eae-8f2d7fc5e669
47731,0380feb0-ba3f-490c-87cb-309700a8c721,7d8cd66e-266a-4fed-8bac-97edc5faa5ea
47781,0380feb0-ba3f-490c-87cb-309700a8c721,7d8cd66e-266a-4fed-8bac-97edc5faa5ea
47831,038c57b6-0a00-4766-9434-5ab6d826ba96,7efb2311-27e5-44b2-a116-5aa3938a0e11
47881,038c57b6-0a00-4766-9434-5ab6d826ba96,4fcbacca-c741-4306-9334-d4d70f10deb7
47931,038c57b6-0a00-4766-9434-5ab6d826ba96,df11077f-fcf7-4639-8d6a-a48b07cdaeba
47981,038c57b6-0a00-4766-9434-5ab6d826ba96,df11077f-fcf7-4639-8d6a-a48b07cdaeba
48031,038c57b6-0a00-4766-9434-5ab6d826ba96,df11077f-fcf7-4639-8d6a-a48b07cdaeba
48081,038c57b6-0a00-4766-9434-5ab6d826ba96,df11077f-fcf7-4639-8d6a-a48b07cdaeba
48131,038c57b6-0a00-4766-9434-5ab6d826ba96,df11077f-fcf7-4639-8d6a-a48b07cdaeba
48181,038c57b6-0a00-4766-9434-5ab6d826ba96,df11077f-fcf7-4639-8d6a-a48b07cdaeba
48231,038c57b6-0a00-4766-9434-5ab6d826ba96,df11077f-fcf7-4639-8d6a-a48b07cdaeba
48281,038c57b6-0a00-4766-9434-5ab6d826ba96,df11077f-fcf7-4639-8d6a-a48b07cdaeba
48331,038c57b6-0a00-4766-9434-5ab6d826ba96,df11077f-fcf7-4639-8d6a-a48b07cdaeba
48381,038c57b6-0a00-4766-9434-5ab6d826ba96,65c0ccd5-1a69-4b13-8268-19938668c8ea
48431,038c57b6-0a00-4766-9434-5ab6d826ba96,39f2a756-3843-4d55-b6c9-0b79af25c3fd
48481,038c57b6-0a00-4766-9434-5ab6d826ba96,39f2a756-3843-4d55-b6c9-0b79af25c3fd
48531,038fcf8d-3ab5-41ec-9692-e09b5e066819,19a88c5a-a4c6-40cb-90b5-1490963f2475
48581,038fcf8d-3ab5-41ec-9692-e09b5e066819,b837f45c-edae-48fe-aca9-058a5c50817a
48631,038fcf8d-3ab5-41ec-9692-e09b5e066819,b837f45c-edae-48fe-aca9-058a5c50817a
48681,038fcf8d-3ab5-41ec-9692-e09b5e066819,b837f45c-edae-48fe-aca9-058a5c50817a
48731,03a451a1-6e39-40fc-8d7a-52ee922fbfa5,df338fb6-a6e1-472a-a4a5-464f1ca3b25d
48781,03a451a1-6e39-40fc-8d7a-52ee922fbfa5,8bf756f1-26aa-4a62-a5ed-f27b2011cd85
48831,03a451a1-6e39-40fc-8d7a-52ee922fbfa5,8bf756f1-26aa-4a62-a5ed-f27b2011cd85
48881,03a451a1-6e39-40fc-8d7a-52ee922fbfa5,8bf756f1-26aa-4a62-a5ed-f27b2011cd85
48931,03a451a1-6e39-40fc-8d7a-52ee922fbfa5,8bf756f1-26aa-4a62-a5ed-f27b2011cd85
48981,03a451a1-6e39-40fc-8d7a-52ee922fbfa5,8bf756f1-26aa-4a62-a5ed-f27b2011cd85
49031,03a451a1-6e39-40fc-8d7a-52ee922fbfa5,8bf756f1-26aa-4a62-a5ed-f27b2011cd85
49081,03a451a1-6e39-40fc-8d7a-52ee922fbfa5,null
49131,03a451a1-6e39-40fc-8d7a-52ee922fbfa5,null
49181,03a8b3c8-dabe-4c0e-8c71-dfd7aee13a67,null
49231,03a8b3c8-dabe-4c0e-8c71-dfd7aee13a67,ce5df71b-15e4-4f1b-8210-12b33c34c36c
49281,03a8b3c8-dabe-4c0e-8c71-dfd7aee13a67,ce5df71b-15e4-4f1b-8210-12b33c34c36c
49331,03a8b3c8-dabe-4c0e-8c71-dfd7aee13a67,ce5df71b-15e4-4f1b-8210-12b33c34c36c
49381,03a8b3c8-dabe-4c0e-8c71-dfd7aee13a67,ce5df71b-15e4-4f1b-8210-12b33c34c36c
49431,03a8b3c8-dabe-4c0e-8c71-dfd7aee13a67,ce5df71b-15e4-4f1b-8210-12b33c34c36c
49481,03aaf539-7413-4f19-ac3d-a689cee37ec6,61cf6e5b-2150-4208-8e42-c479c7eff6c8
49531,03aaf539-7413-4f19-ac3d-a689cee37ec6,61cf6e5b-2150-4208-8e42-c479c7eff6c8
49581,03aaf539-7413-4f19-ac3d-a689cee37ec6,b138ac88-5bb8-4a4f-8858-cb952fea5cfa
49631,03aaf539-7413-4f19-ac3d-a689cee37ec6,053fe0ae-a4cf-481e-910a-bf0c3a5970ee
49681,03aaf539-7413-4f19-ac3d-a689cee37ec6,053fe0ae-a4cf-481e-910a-bf0c3a5970ee
49731,03aaf539-7413-4f19-ac3d-a689cee37ec6,053fe0ae-a4cf-481e-910a-bf0c3a5970ee
49781,03aaf539-7413-4f19-ac3d-a689cee37ec6,053fe0ae-a4cf-481e-910a-bf0c3a5970ee
49831,03aaf539-7413-4f19-ac3d-a689cee37ec6,87d57988-df78-41f0-9e88-cdcccd8d8322
49881,03aaf539-7413-4f19-ac3d-a689cee37ec6,a1e3812c-e1c0-4c1f-a36f-4a607273da25
49931,03aaf539-7413-4f19-ac3d-a689cee37ec6,null
49981,03aaf539-7413-4f19-ac3d-a689cee37ec6,null
